"key","Classyfire"
"ACFIXJIJDZMPPO-NNYOXOHSSA-N","kingdom: Organic compounds; superclass: Nucleosides, nucleotides, and analogues; class: (5'->5')-dinucleotides"
"ACTIUHUUMQJHFO-UPTCCGCDSA-N","kingdom: Organic compounds; superclass: Lipids and lipid-like molecules; class: Prenol lipids; subclass: Quinone and hydroquinone lipids; level 5: Prenylquinones; level 6: Ubiquinones; kingdom: Organic compounds; superclass: Lipids and lipid-like molecules; class: Prenol lipids; subclass: Quinone and hydroquinone lipids; level 5: Prenylquinones; level 6: Ubiquinones"
"ACZVSMNFVFBOTM-UHFFFAOYSA-N","kingdom: Organic compounds; superclass: Organic nitrogen compounds; class: Organonitrogen compounds; subclass: Quaternary ammonium salts; level 5: Tetraalkylammonium salts"
"ADVPTQAUNPRNPO-REOHCLBHSA-N","kingdom: Organic compounds; superclass: Organic acids and derivatives; class: Carboxylic acids and derivatives; subclass: Amino acids, peptides, and analogues; level 5: Amino acids and derivatives; level 6: Alpha amino acids and derivatives; level 7: Alpha amino acids; level 8: L-alpha-amino acids; kingdom: Organic compounds; superclass: Organic acids and derivatives; class: Carboxylic acids and derivatives; subclass: Amino acids, peptides, and analogues; level 5: Amino acids and derivatives; level 6: Alpha amino acids and derivatives; level 7: Alpha amino acids; level 8: L-alpha-amino acids"
"AGBQKNBQESQNJD-SSDOTTSWSA-N","kingdom: Organic compounds; superclass: Organoheterocyclic compounds; class: Dithiolanes; subclass: Lipoic acids and derivatives"
"AGGIJOLULBJGTQ-UHFFFAOYSA-N","kingdom: Organic compounds; superclass: Organic acids and derivatives; class: Organic sulfonic acids and derivatives; subclass: Organosulfonic acids and derivatives; level 5: Organosulfonic acids"
"AGPKZVBTJJNPAG-WHFBIAKZSA-N","kingdom: Organic compounds; superclass: Organic acids and derivatives; class: Carboxylic acids and derivatives; subclass: Amino acids, peptides, and analogues; level 5: Amino acids and derivatives; level 6: Alpha amino acids and derivatives; level 7: Isoleucine and derivatives"
"AHLPHDHHMVZTML-BYPYZUCNSA-N","kingdom: Organic compounds; superclass: Organic acids and derivatives; class: Carboxylic acids and derivatives; subclass: Amino acids, peptides, and analogues; level 5: Amino acids and derivatives; level 6: Alpha amino acids and derivatives; level 7: Alpha amino acids; level 8: L-alpha-amino acids"
"ALYNCZNDIQEVRV-UHFFFAOYSA-N","kingdom: Organic compounds; superclass: Benzenoids; class: Benzene and substituted derivatives; subclass: Benzoic acids and derivatives; level 5: Aminobenzoic acids and derivatives; level 6: Aminobenzoic acids"
"APHYVLPIZUVDTK-UHFFFAOYSA-N","kingdom: Organic compounds; superclass: Benzenoids; class: Benzene and substituted derivatives; subclass: Benzoic acids and derivatives; level 5: Benzoic acid esters; level 6: m-Hydroxybenzoic acid esters"
"APJYDQYYACXCRM-UHFFFAOYSA-N","kingdom: Organic compounds; superclass: Organoheterocyclic compounds; class: Indoles and derivatives; subclass: Tryptamines and derivatives"
"AQTKXCPRNZDOJU-ZEBDFXRSSA-N","kingdom: Organic compounds; superclass: Lipids and lipid-like molecules; class: Glycerolipids; subclass: Glycosylglycerols"
"ATNHDLDRLWWWCB-AENOIHSZSA-M","kingdom: Organic compounds; superclass: Organoheterocyclic compounds; class: Tetrapyrroles and derivatives; subclass: Chlorins"
"AUNGANRZJHBGPY-SCRDCRAPSA-N","kingdom: Organic compounds; superclass: Organoheterocyclic compounds; class: Pteridines and derivatives; subclass: Alloxazines and isoalloxazines; level 5: Flavins"
"AUTOLBMXDDTRRT-UHFFFAOYSA-N","kingdom: Organic compounds; superclass: Organoheterocyclic compounds; class: Azoles; subclass: Imidazoles; level 5: Substituted imidazoles; level 6: Imidazolyl carboxylic acids and derivatives"
"AWUCVROLDVIAJX-UHFFFAOYSA-N","kingdom: Organic compounds; superclass: Lipids and lipid-like molecules; class: Glycerophospholipids; subclass: Glycerophosphates"
"AYEKOFBPNLCAJY-UHFFFAOYSA-O","kingdom: Organic compounds; superclass: Organoheterocyclic compounds; class: Diazines; subclass: Pyrimidines and pyrimidine derivatives; level 5: Thiamines; level 6: Thiamine phosphates; kingdom: Organic compounds; superclass: Organoheterocyclic compounds; class: Diazines; subclass: Pyrimidines and pyrimidine derivatives; level 5: Thiamines; level 6: Thiamine phosphates"
"AYFVYJQAPQTCCC-GBXIJSLDSA-N","kingdom: Organic compounds; superclass: Organic acids and derivatives; class: Carboxylic acids and derivatives; subclass: Amino acids, peptides, and analogues; level 5: Amino acids and derivatives; level 6: Alpha amino acids and derivatives; level 7: Alpha amino acids; level 8: L-alpha-amino acids"
"BAWFJGJZGIEFAR-NNYOXOHSSA-N","kingdom: Organic compounds; superclass: Nucleosides, nucleotides, and analogues; class: (5'->5')-dinucleotides"
"BBJIPMIXTXKYLZ-UHFFFAOYSA-N","kingdom: Organic compounds; superclass: Lipids and lipid-like molecules; class: Fatty Acyls; subclass: Fatty acids and conjugates; level 5: Amino fatty acids"
"BGFHLXJVANJCHK-ZCFIWIBFSA-N","kingdom: Organic compounds; superclass: Organic acids and derivatives; class: Hydroxy acids and derivatives; subclass: Beta hydroxy acids and derivatives"
"BJEPYKJPYRNKOW-UHFFFAOYSA-N","kingdom: Organic compounds; superclass: Organic acids and derivatives; class: Hydroxy acids and derivatives; subclass: Beta hydroxy acids and derivatives"
"BKAWJIRCKVUVED-UHFFFAOYSA-N","kingdom: Organic compounds; superclass: Organoheterocyclic compounds; class: Azoles; subclass: Thiazoles; level 5: 4,5-disubstituted thiazoles"
"BLFLLBZGZJTVJG-UHFFFAOYSA-N","kingdom: Organic compounds; superclass: Benzenoids; class: Benzene and substituted derivatives; subclass: Benzoic acids and derivatives; level 5: Benzoic acid esters; kingdom: Organic compounds; superclass: Benzenoids; class: Benzene and substituted derivatives; subclass: Benzoic acids and derivatives; level 5: Benzoic acid esters"
"BOPGDPNILDQYTO-NNYOXOHSSA-N","kingdom: Organic compounds; superclass: Nucleosides, nucleotides, and analogues; class: (5'->5')-dinucleotides; kingdom: Organic compounds; superclass: Nucleosides, nucleotides, and analogues; class: (5'->5')-dinucleotides"
"BRTLKRNVNFIOPJ-UHFFFAOYSA-N","kingdom: Organic compounds; superclass: Organoheterocyclic compounds; class: Pyridines and derivatives; subclass: Pyridinecarboxylic acids and derivatives; level 5: Pyridinecarboxylic acids"
"BTCSSZJGUNDROE-UHFFFAOYSA-N","kingdom: Organic compounds; superclass: Organic acids and derivatives; class: Carboxylic acids and derivatives; subclass: Amino acids, peptides, and analogues; level 5: Amino acids and derivatives; level 6: Gamma amino acids and derivatives"
"BUTHMSUEBYPMKJ-UHFFFAOYSA-N","kingdom: Organic compounds; superclass: Organic acids and derivatives; class: Keto acids and derivatives; subclass: Alpha-keto acids and derivatives"
"CCIVGXIOQKPBKL-UHFFFAOYSA-N","kingdom: Organic compounds; superclass: Organic acids and derivatives; class: Organic sulfonic acids and derivatives; subclass: Organosulfonic acids and derivatives; level 5: Organosulfonic acids"
"CCIXZFJYFQJTGK-GQOHGMTASA-N","kingdom: Organic compounds; superclass: Organic acids and derivatives; class: Carboxylic acids and derivatives; subclass: Amino acids, peptides, and analogues; level 5: Amino acids and derivatives; level 6: Alpha amino acids and derivatives; level 7: N-acyl-alpha amino acids and derivatives"
"CEIUIHOQDSVZJQ-UHFFFAOYSA-N","kingdom: Organic compounds; superclass: Organoheterocyclic compounds; class: Quinolines and derivatives; subclass: Quinolones and derivatives; level 5: Hydroxyquinolones"
"CIWBSHSKHKDKBQ-JLAZNSOCSA-N","kingdom: Organic compounds; superclass: Organoheterocyclic compounds; class: Dihydrofurans; subclass: Furanones; level 5: Butenolides"
"CKLJMWTZIZZHCS-REOHCLBHSA-N","kingdom: Organic compounds; superclass: Organic acids and derivatives; class: Carboxylic acids and derivatives; subclass: Amino acids, peptides, and analogues; level 5: Amino acids and derivatives; level 6: Alpha amino acids and derivatives; level 7: Aspartic acid and derivatives"
"CKOMXBHMKXXTNW-UHFFFAOYSA-N","kingdom: Organic compounds; superclass: Organoheterocyclic compounds; class: Imidazopyrimidines; subclass: Purines and purine derivatives; level 5: 6-aminopurines; level 6: 6-alkylaminopurines"
"CMUNUTVVOOHQPW-LURJTMIESA-N","kingdom: Organic compounds; superclass: Organic acids and derivatives; class: Carboxylic acids and derivatives; subclass: Amino acids, peptides, and analogues; level 5: Amino acids and derivatives; level 6: Alpha amino acids and derivatives; level 7: Proline and derivatives"
"COLNVLDHVKWLRT-QMMMGPOBSA-N","kingdom: Organic compounds; superclass: Organic acids and derivatives; class: Carboxylic acids and derivatives; subclass: Amino acids, peptides, and analogues; level 5: Amino acids and derivatives; level 6: Alpha amino acids and derivatives; level 7: Phenylalanine and derivatives"
"COMVEZIIQHBEJL-UHFFFAOYSA-N","kingdom: Organic compounds; superclass: Organic acids and derivatives; class: Hydroxy acids and derivatives; subclass: Alpha hydroxy acids and derivatives; kingdom: Organic compounds; superclass: Organic acids and derivatives; class: Hydroxy acids and derivatives; subclass: Alpha hydroxy acids and derivatives"
"CQOVPNPJLQNMDC-ZETCQYMHSA-N","kingdom: Organic compounds; superclass: Organic acids and derivatives; class: Peptidomimetics; subclass: Hybrid peptides; kingdom: Organic compounds; superclass: Organic acids and derivatives; class: Peptidomimetics; subclass: Hybrid peptides"
"CVSVTCORWBXHQV-UHFFFAOYSA-N","kingdom: Organic compounds; superclass: Organic acids and derivatives; class: Carboxylic acids and derivatives; subclass: Amino acids, peptides, and analogues; level 5: Amino acids and derivatives; level 6: Alpha amino acids and derivatives"
"CXJAAWRLVGAKDV-UHFFFAOYSA-N","kingdom: Organic compounds; superclass: Organic acids and derivatives; class: Organic sulfonic acids and derivatives; subclass: Organosulfonic acids and derivatives; level 5: Organosulfonic acids"
"CZMRCDWAGMRECN-UGDNZRGBSA-N","kingdom: Organic compounds; superclass: Organic oxygen compounds; class: Organooxygen compounds; subclass: Carbohydrates and carbohydrate conjugates; level 5: Glycosyl compounds; level 6: O-glycosyl compounds"
"DCXYFEDJOCDNAF-REOHCLBHSA-N","kingdom: Organic compounds; superclass: Organic acids and derivatives; class: Carboxylic acids and derivatives; subclass: Amino acids, peptides, and analogues; level 5: Amino acids and derivatives; level 6: Alpha amino acids and derivatives; level 7: Asparagine and derivatives"
"DDRJAANPRJIHGJ-UHFFFAOYSA-N","kingdom: Organic compounds; superclass: Organic acids and derivatives; class: Carboxylic acids and derivatives; subclass: Amino acids, peptides, and analogues; level 5: Amino acids and derivatives; level 6: Alpha amino acids and derivatives; kingdom: Organic compounds; superclass: Organic acids and derivatives; class: Carboxylic acids and derivatives; subclass: Amino acids, peptides, and analogues; level 5: Amino acids and derivatives; level 6: Alpha amino acids and derivatives"
"DFDCDQDATCDZSO-OUCXYWSSSA-L","kingdom: Organic compounds; superclass: Organoheterocyclic compounds; class: Tetrapyrroles and derivatives; subclass: Corrinoids; level 5: Cobalamin derivatives"
"DFMMVLFMMAQXHZ-IPIGPKAOSA-N","kingdom: Organic compounds; superclass: Lipids and lipid-like molecules; class: Prenol lipids; subclass: Triterpenoids"
"DFPOZTRSOAQFIK-UHFFFAOYSA-N","kingdom: Organic compounds; superclass: Organic acids and derivatives; class: Carboxylic acids and derivatives; subclass: Carboxylic acid derivatives; level 5: Carboxylic acid salts"
"DFYRUELUNQRZTB-UHFFFAOYSA-N","kingdom: Organic compounds; superclass: Organic oxygen compounds; class: Organooxygen compounds; subclass: Carbonyl compounds; level 5: Ketones; level 6: Aryl ketones; level 7: Phenylketones; level 8: Alkyl-phenylketones"
"DHMQDGOQFOQNFH-UHFFFAOYSA-N","kingdom: Organic compounds; superclass: Organic acids and derivatives; class: Carboxylic acids and derivatives; subclass: Amino acids, peptides, and analogues; level 5: Amino acids and derivatives; level 6: Alpha amino acids and derivatives; level 7: Alpha amino acids"
"DMCPFOBLJMLSNX-UHFFFAOYSA-N","kingdom: Organic compounds; superclass: Organoheterocyclic compounds; class: Indoles and derivatives; subclass: Indoles; level 5: 3-alkylindoles"
"DNVPQKQSNYMLRS-APGDWVJJSA-N","kingdom: Organic compounds; superclass: Lipids and lipid-like molecules; class: Steroids and steroid derivatives; subclass: Ergostane steroids; level 5: Ergosterols and derivatives; kingdom: Organic compounds; superclass: Lipids and lipid-like molecules; class: Steroids and steroid derivatives; subclass: Ergostane steroids; level 5: Ergosterols and derivatives"
"DRLFMBDRBRZALE-UHFFFAOYSA-N","kingdom: Organic compounds; superclass: Organoheterocyclic compounds; class: Indoles and derivatives; subclass: Indoles; level 5: 3-alkylindoles"
"DRTQHJPVMGBUCF-XVFCMESISA-N","kingdom: Organic compounds; superclass: Nucleosides, nucleotides, and analogues; class: Pyrimidine nucleosides"
"DTBNBXWJWCWCIK-UHFFFAOYSA-N","kingdom: Organic compounds; superclass: Organic acids and derivatives; class: Organic phosphoric acids and derivatives; subclass: Phosphate esters"
"DTERQYGMUDWYAZ-ZETCQYMHSA-N","kingdom: Organic compounds; superclass: Organic acids and derivatives; class: Carboxylic acids and derivatives; subclass: Amino acids, peptides, and analogues; level 5: Amino acids and derivatives; level 6: Alpha amino acids and derivatives; level 7: Alpha amino acids; level 8: L-alpha-amino acids"
"DVVATNQISMINCX-YTXTXJHMSA-N","kingdom: Organic compounds; superclass: Organic oxygen compounds; class: Organooxygen compounds; subclass: Carbonyl compounds; level 5: Aldehydes; level 6: Medium-chain aldehydes"
"FDGQSTZJBFJUBT-UHFFFAOYSA-N","kingdom: Organic compounds; superclass: Organoheterocyclic compounds; class: Imidazopyrimidines; subclass: Purines and purine derivatives; level 5: Purinones; level 6: Hypoxanthines; kingdom: Organic compounds; superclass: Organoheterocyclic compounds; class: Imidazopyrimidines; subclass: Purines and purine derivatives; level 5: Purinones; level 6: Hypoxanthines"
"FDJOLVPMNUYSCM-WZHZPDAFSA-L","kingdom: Organic compounds; superclass: Organoheterocyclic compounds; class: Tetrapyrroles and derivatives; subclass: Corrinoids; level 5: Cobalamin derivatives"
"FFDGPVCHZBVARC-UHFFFAOYSA-N","kingdom: Organic compounds; superclass: Organic acids and derivatives; class: Carboxylic acids and derivatives; subclass: Amino acids, peptides, and analogues; level 5: Amino acids and derivatives; level 6: Alpha amino acids and derivatives; level 7: Alpha amino acids; kingdom: Organic compounds; superclass: Organic acids and derivatives; class: Carboxylic acids and derivatives; subclass: Amino acids, peptides, and analogues; level 5: Amino acids and derivatives; level 6: Alpha amino acids and derivatives; level 7: Alpha amino acids"
"FFEARJCKVFRZRR-BYPYZUCNSA-N","kingdom: Organic compounds; superclass: Organic acids and derivatives; class: Carboxylic acids and derivatives; subclass: Amino acids, peptides, and analogues; level 5: Amino acids and derivatives; level 6: Alpha amino acids and derivatives; level 7: Methionine and derivatives"
"FFFHZYDWPBMWHY-VKHMYHEASA-N","kingdom: Organic compounds; superclass: Organic acids and derivatives; class: Carboxylic acids and derivatives; subclass: Amino acids, peptides, and analogues; level 5: Amino acids and derivatives; level 6: Alpha amino acids and derivatives; level 7: Alpha amino acids; level 8: L-alpha-amino acids"
"FSYKKLYZXJSNPZ-UHFFFAOYSA-N","kingdom: Organic compounds; superclass: Organic acids and derivatives; class: Carboxylic acids and derivatives; subclass: Amino acids, peptides, and analogues; level 5: Amino acids and derivatives; level 6: Alpha amino acids and derivatives; level 7: Alpha amino acids"
"FVTCRASFADXXNN-SCRDCRAPSA-N","kingdom: Organic compounds; superclass: Nucleosides, nucleotides, and analogues; class: Flavin nucleotides; kingdom: Organic compounds; superclass: Nucleosides, nucleotides, and analogues; class: Flavin nucleotides; kingdom: Organic compounds; superclass: Nucleosides, nucleotides, and analogues; class: Flavin nucleotides; kingdom: Organic compounds; superclass: Nucleosides, nucleotides, and analogues; class: Flavin nucleotides"
"FXCMGCFNLNFLSH-JTQLQIEISA-N","kingdom: Organic compounds; superclass: Organic acids and derivatives; class: Carboxylic acids and derivatives; subclass: Amino acids, peptides, and analogues; level 5: Amino acids and derivatives; level 6: Alpha amino acids and derivatives; level 7: N-acyl-alpha amino acids and derivatives"
"FYGDTMLNYKFZSV-PXXRMHSHSA-N","kingdom: Organic compounds; superclass: Organic oxygen compounds; class: Organooxygen compounds; subclass: Carbohydrates and carbohydrate conjugates; level 5: Oligosaccharides"
"GETQZCLCWQTVFV-UHFFFAOYSA-N","kingdom: Organic compounds; superclass: Organic nitrogen compounds; class: Organonitrogen compounds; subclass: Amines; level 5: Tertiary amines; level 6: Trialkylamines"
"GFFGJBXGBJISGV-UHFFFAOYSA-N","kingdom: Organic compounds; superclass: Organoheterocyclic compounds; class: Imidazopyrimidines; subclass: Purines and purine derivatives; level 5: 6-aminopurines; kingdom: Organic compounds; superclass: Organoheterocyclic compounds; class: Imidazopyrimidines; subclass: Purines and purine derivatives; level 5: 6-aminopurines"
"GHOKWGTUZJEAQD-ZETCQYMHSA-N","kingdom: Organic compounds; superclass: Organic oxygen compounds; class: Organooxygen compounds; subclass: Alcohols and polyols; level 5: Secondary alcohols"
"GJAWHXHKYYXBSV-UHFFFAOYSA-N","kingdom: Organic compounds; superclass: Organoheterocyclic compounds; class: Pyridines and derivatives; subclass: Pyridinecarboxylic acids and derivatives; level 5: Pyridinecarboxylic acids"
"GLEVLJDDWXEYCO-UHFFFAOYSA-N","kingdom: Organic compounds; superclass: Organoheterocyclic compounds; class: Benzopyrans; subclass: 1-benzopyrans"
"GNGACRATGGDKBX-UHFFFAOYSA-N","kingdom: Organic compounds; superclass: Organic oxygen compounds; class: Organooxygen compounds; subclass: Carbohydrates and carbohydrate conjugates; level 5: Monosaccharides; level 6: Monosaccharide phosphates; kingdom: Organic compounds; superclass: Organic oxygen compounds; class: Organooxygen compounds; subclass: Carbohydrates and carbohydrate conjugates; level 5: Monosaccharides; level 6: Monosaccharide phosphates"
"GOLXRNDWAUTYKT-UHFFFAOYSA-N","kingdom: Organic compounds; superclass: Organoheterocyclic compounds; class: Indoles and derivatives; subclass: Indolyl carboxylic acids and derivatives"
"GSXOAOHZAIYLCY-HSUXUTPPSA-N","kingdom: Organic compounds; superclass: Organic oxygen compounds; class: Organooxygen compounds; subclass: Carbohydrates and carbohydrate conjugates; level 5: Monosaccharides; level 6: Hexoses; level 7: Hexose phosphates"
"GTZCVFVGUGFEME-IWQZZHSRSA-N","kingdom: Organic compounds; superclass: Organic acids and derivatives; class: Carboxylic acids and derivatives; subclass: Tricarboxylic acids and derivatives"
"GUBGYTABKSRVRQ-ASMJPISFSA-N","kingdom: Organic compounds; superclass: Organic oxygen compounds; class: Organooxygen compounds; subclass: Carbohydrates and carbohydrate conjugates; level 5: Glycosyl compounds; level 6: O-glycosyl compounds"
"GUBGYTABKSRVRQ-DCSYEGIMSA-N","kingdom: Organic compounds; superclass: Organic oxygen compounds; class: Organooxygen compounds; subclass: Carbohydrates and carbohydrate conjugates; level 5: Glycosyl compounds; level 6: O-glycosyl compounds; kingdom: Organic compounds; superclass: Organic oxygen compounds; class: Organooxygen compounds; subclass: Carbohydrates and carbohydrate conjugates; level 5: Glycosyl compounds; level 6: O-glycosyl compounds"
"GVJHHUAWPYXKBD-IEOSBIPESA-N","kingdom: Organic compounds; superclass: Lipids and lipid-like molecules; class: Prenol lipids; subclass: Quinone and hydroquinone lipids; level 5: Vitamin E compounds; level 6: Tocopherols; kingdom: Organic compounds; superclass: Lipids and lipid-like molecules; class: Prenol lipids; subclass: Quinone and hydroquinone lipids; level 5: Vitamin E compounds; level 6: Tocopherols"
"HDTRYLNUVZCQOY-LIZSDCNHSA-N","kingdom: Organic compounds; superclass: Organic oxygen compounds; class: Organooxygen compounds; subclass: Carbohydrates and carbohydrate conjugates; level 5: Glycosyl compounds; level 6: O-glycosyl compounds"
"HNDVDQJCIGZPNO-YFKPBYRVSA-N","kingdom: Organic compounds; superclass: Organic acids and derivatives; class: Carboxylic acids and derivatives; subclass: Amino acids, peptides, and analogues; level 5: Amino acids and derivatives; level 6: Alpha amino acids and derivatives; level 7: Histidine and derivatives"
"HQESMQVYRAJTEA-UHFFFAOYSA-N","kingdom: Organic compounds; superclass: Organic acids and derivatives; class: Carboxylic acids and derivatives; subclass: Amino acids, peptides, and analogues; level 5: Amino acids and derivatives; level 6: Alpha amino acids and derivatives; level 7: N-acyl-alpha amino acids and derivatives; level 8: N-acyl-alpha amino acids"
"HSCJRCZFDFQWRP-JZMIEXBBSA-N","kingdom: Organic compounds; superclass: Nucleosides, nucleotides, and analogues; class: Pyrimidine nucleotides; subclass: Pyrimidine nucleotide sugars"
"HVBSAKJJOYLTQU-UHFFFAOYSA-N","kingdom: Organic compounds; superclass: Benzenoids; class: Benzene and substituted derivatives; subclass: Benzenesulfonic acids and derivatives"
"HVYWMOMLDIMFJA-DPAQBDIFSA-N","kingdom: Organic compounds; superclass: Lipids and lipid-like molecules; class: Steroids and steroid derivatives; subclass: Cholestane steroids; level 5: Cholesterols and derivatives; kingdom: Organic compounds; superclass: Lipids and lipid-like molecules; class: Steroids and steroid derivatives; subclass: Cholestane steroids; level 5: Cholesterols and derivatives"
"HXEACLLIILLPRG-UHFFFAOYSA-N","kingdom: Organic compounds; superclass: Organic acids and derivatives; class: Carboxylic acids and derivatives; subclass: Amino acids, peptides, and analogues; level 5: Amino acids and derivatives; level 6: Alpha amino acids and derivatives; level 7: Alpha amino acids; kingdom: Organic compounds; superclass: Organic acids and derivatives; class: Carboxylic acids and derivatives; subclass: Amino acids, peptides, and analogues; level 5: Amino acids and derivatives; level 6: Alpha amino acids and derivatives; level 7: Alpha amino acids"
"HXXFSFRBOHSIMQ-VFUOTHLCSA-N","kingdom: Organic compounds; superclass: Organic oxygen compounds; class: Organooxygen compounds; subclass: Carbohydrates and carbohydrate conjugates; level 5: Monosaccharides; level 6: Monosaccharide phosphates"
"HYVABZIGRDEKCD-UHFFFAOYSA-N","kingdom: Organic compounds; superclass: Organoheterocyclic compounds; class: Imidazopyrimidines; subclass: Purines and purine derivatives; level 5: 6-aminopurines; level 6: 6-alkylaminopurines"
"HZAXFHJVJLSVMW-UHFFFAOYSA-N","kingdom: Organic compounds; superclass: Organic nitrogen compounds; class: Organonitrogen compounds; subclass: Amines; level 5: Alkanolamines; level 6: 1,2-aminoalcohols"
"HZSAJDVWZRBGIF-UHFFFAOYSA-O","kingdom: Organic compounds; superclass: Organoheterocyclic compounds; class: Diazines; subclass: Pyrimidines and pyrimidine derivatives; level 5: Thiamines; level 6: Thiamine phosphates; kingdom: Organic compounds; superclass: Organoheterocyclic compounds; class: Diazines; subclass: Pyrimidines and pyrimidine derivatives; level 5: Thiamines; level 6: Thiamine phosphates"
"ILRYLPWNYFXEMH-WHFBIAKZSA-N","kingdom: Organic compounds; superclass: Organic acids and derivatives; class: Carboxylic acids and derivatives; subclass: Amino acids, peptides, and analogues; level 5: Amino acids and derivatives; level 6: Alpha amino acids and derivatives; level 7: Cysteine and derivatives; level 8: L-cysteine-S-conjugates"
"IQFYYKKMVGJFEH-XLPZGREQSA-N","kingdom: Organic compounds; superclass: Nucleosides, nucleotides, and analogues; class: Pyrimidine nucleosides; subclass: Pyrimidine 2'-deoxyribonucleosides"
"ISAKRJDGNUQOIC-UHFFFAOYSA-N","kingdom: Organic compounds; superclass: Organoheterocyclic compounds; class: Diazines; subclass: Pyrimidines and pyrimidine derivatives; level 5: Pyrimidones"
"ITFLMCXLENHUAD-WZHZPDAFSA-L","kingdom: Organic compounds; superclass: Organoheterocyclic compounds; class: Tetrapyrroles and derivatives; subclass: Corrinoids; level 5: Cobalamin derivatives"
"IVOMOUWHDPKRLL-KQYNXXCUSA-N","kingdom: Organic compounds; superclass: Nucleosides, nucleotides, and analogues; class: Purine nucleotides; subclass: Cyclic purine nucleotides; level 5: 3',5'-cyclic purine nucleotides"
"IVYPNXXAYMYVSP-UHFFFAOYSA-N","kingdom: Organic compounds; superclass: Organoheterocyclic compounds; class: Indoles and derivatives; subclass: Indoles; level 5: 3-alkylindoles"
"IXORZMNAPKEEDV-QTWFBFKQSA-N","kingdom: Organic compounds; superclass: Lipids and lipid-like molecules; class: Prenol lipids; subclass: Diterpenoids; level 5: Gibberellins; level 6: C19-gibberellins; level 7: C19-gibberellin 6-carboxylic acids"
"IYODIJVWGPRBGQ-UHFFFAOYSA-N","kingdom: Organic compounds; superclass: Organoheterocyclic compounds; class: Indoles and derivatives; subclass: Indoles"
"JAZBEHYOTPTENJ-JLNKQSITSA-N","kingdom: Organic compounds; superclass: Lipids and lipid-like molecules; class: Fatty Acyls; subclass: Fatty acids and conjugates; level 5: Long-chain fatty acids; kingdom: Organic compounds; superclass: Lipids and lipid-like molecules; class: Fatty Acyls; subclass: Fatty acids and conjugates; level 5: Long-chain fatty acids"
"JCMUOFQHZLPHQP-BQBZGAKWSA-N","kingdom: Organic compounds; superclass: Organic acids and derivatives; class: Carboxylic acids and derivatives; subclass: Amino acids, peptides, and analogues; level 5: Peptides; level 6: Oligopeptides; kingdom: Organic compounds; superclass: Organic acids and derivatives; class: Carboxylic acids and derivatives; subclass: Amino acids, peptides, and analogues; level 5: Peptides; level 6: Oligopeptides"
"JDSHMPZPIAZGSV-UHFFFAOYSA-N","kingdom: Organic compounds; superclass: Organoheterocyclic compounds; class: Triazines; subclass: 1,3,5-triazines"
"JKEJEOJPJVRHMQ-JTQLQIEISA-N","kingdom: Organic compounds; superclass: Organic acids and derivatives; class: Carboxylic acids and derivatives; subclass: Amino acids, peptides, and analogues; level 5: Amino acids and derivatives; level 6: Alpha amino acids and derivatives; level 7: N-acyl-alpha amino acids and derivatives"
"JKLRIMRKZBSSED-UHFFFAOYSA-N","kingdom: Organic compounds; superclass: Organic acids and derivatives; class: Organic sulfonic acids and derivatives; subclass: Organosulfonic acids and derivatives; level 5: Organosulfonic acids; kingdom: Organic compounds; superclass: Organic acids and derivatives; class: Organic sulfonic acids and derivatives; subclass: Organosulfonic acids and derivatives; level 5: Organosulfonic acids"
"JLIDBLDQVAYHNE-YKALOCIXSA-N","kingdom: Organic compounds; superclass: Lipids and lipid-like molecules; class: Prenol lipids; subclass: Sesquiterpenoids; level 5: Abscisic acids and derivatives"
"JMSVCTWVEWCHDZ-UHFFFAOYSA-N","kingdom: Organic compounds; superclass: Benzenoids; class: Benzene and substituted derivatives; subclass: Benzoic acids and derivatives; level 5: Hydroxybenzoic acid derivatives; level 6: Gallic acid and derivatives"
"JPIJQSOTBSSVTP-GBXIJSLDSA-N","kingdom: Organic compounds; superclass: Organic oxygen compounds; class: Organooxygen compounds; subclass: Carbohydrates and carbohydrate conjugates; level 5: Sugar acids and derivatives"
"JQKOHRZNEOQNJE-VYCVAHKRSA-M","kingdom: Organic compounds; superclass: Lipids and lipid-like molecules; class: Glycerophospholipids; subclass: Glycerophosphoethanolamines; level 5: Phosphatidylethanolamines; kingdom: Organic compounds; superclass: Lipids and lipid-like molecules; class: Glycerophospholipids; subclass: Glycerophosphoethanolamines; level 5: Phosphatidylethanolamines"
"JTEDVYBZBROSJT-UHFFFAOYSA-N","kingdom: Organic compounds; superclass: Organoheterocyclic compounds; class: Indoles and derivatives; subclass: Indoles; level 5: 3-alkylindoles"
"JXOHGGNKMLTUBP-HSUXUTPPSA-N","kingdom: Organic compounds; superclass: Organic oxygen compounds; class: Organooxygen compounds; subclass: Alcohols and polyols; level 5: Cyclic alcohols and derivatives; level 6: Cyclitols and derivatives; level 7: Shikimic acids and derivatves"
"JZQKTMZYLHNFPL-BLHCBFLLSA-N","kingdom: Organic compounds; superclass: Organic oxygen compounds; class: Organooxygen compounds; subclass: Carbonyl compounds; level 5: Aldehydes; level 6: Medium-chain aldehydes"
"JZRWCGZRTZMZEH-UHFFFAOYSA-N","kingdom: Organic compounds; superclass: Organoheterocyclic compounds; class: Diazines; subclass: Pyrimidines and pyrimidine derivatives; level 5: Thiamines"
"KCDXJAYRVLXPFO-UHFFFAOYSA-N","kingdom: Organic compounds; superclass: Benzenoids; class: Phenols; subclass: Methoxyphenols"
"KCXFHTAICRTXLI-UHFFFAOYSA-M","kingdom: Organic compounds; superclass: Organic acids and derivatives; class: Organic sulfonic acids and derivatives; subclass: Organosulfonic acids and derivatives; level 5: Organosulfonic acids"
"KDJVKDYFFTWHBO-UHFFFAOYSA-N","kingdom: Organic compounds; superclass: Organic acids and derivatives; class: Carboxylic acids and derivatives; subclass: Amino acids, peptides, and analogues; level 5: Peptides; level 6: Dipeptides"
"KDXKERNSBIXSRK-YFKPBYRVSA-N","kingdom: Organic compounds; superclass: Organic acids and derivatives; class: Carboxylic acids and derivatives; subclass: Amino acids, peptides, and analogues; level 5: Amino acids and derivatives; level 6: Alpha amino acids and derivatives; level 7: Alpha amino acids; level 8: L-alpha-amino acids"
"KDYFGRWQOYBRFD-UHFFFAOYSA-N","kingdom: Organic compounds; superclass: Organic acids and derivatives; class: Carboxylic acids and derivatives; subclass: Dicarboxylic acids and derivatives"
"KDZOASGQNOPSCU-WDSKDSINSA-N","kingdom: Organic compounds; superclass: Organic acids and derivatives; class: Carboxylic acids and derivatives; subclass: Amino acids, peptides, and analogues; level 5: Amino acids and derivatives; level 6: Alpha amino acids and derivatives; level 7: Aspartic acid and derivatives"
"KFWWCMJSYSSPSK-PAXLJYGASA-N","kingdom: Organic compounds; superclass: Lipids and lipid-like molecules; class: Fatty Acyls; subclass: Fatty acyl thioesters; level 5: Enoyl CoAs; level 6: 2-enoyl CoAs"
"KIHJEJVWUXTXPZ-UHFFFAOYSA-N","kingdom: Organic compounds; superclass: Benzenoids; class: Benzene and substituted derivatives; subclass: Anilides"
"KIIBBJKLKFTNQO-WHFBIAKZSA-N","kingdom: Organic compounds; superclass: Organic acids and derivatives; class: Carboxylic acids and derivatives; subclass: Amino acids, peptides, and analogues; level 5: Amino acids and derivatives; level 6: Alpha amino acids and derivatives; level 7: Alpha amino acids; level 8: L-alpha-amino acids"
"KIWQWJKWBHZMDT-VKHMYHEASA-N","kingdom: Organic compounds; superclass: Organic acids and derivatives; class: Carboxylic acids and derivatives; subclass: Amino acids, peptides, and analogues; level 5: Amino acids and derivatives; level 6: Alpha amino acids and derivatives"
"KMAKOBLIOCQGJP-UHFFFAOYSA-N","kingdom: Organic compounds; superclass: Organoheterocyclic compounds; class: Indoles and derivatives; subclass: Indolecarboxylic acids and derivatives"
"KPGXRSRHYNQIFN-UHFFFAOYSA-N","kingdom: Organic compounds; superclass: Organic acids and derivatives; class: Keto acids and derivatives; subclass: Gamma-keto acids and derivatives"
"KRKNYBCHXYNGOX-UHFFFAOYSA-N","kingdom: Organic compounds; superclass: Organic acids and derivatives; class: Carboxylic acids and derivatives; subclass: Tricarboxylic acids and derivatives"
"KSEBMYQBYZTDHS-HWKANZROSA-N","kingdom: Organic compounds; superclass: Phenylpropanoids and polyketides; class: Cinnamic acids and derivatives; subclass: Hydroxycinnamic acids and derivatives; level 5: Hydroxycinnamic acids"
"KTHADMDGDNYQRX-UHFFFAOYSA-N","kingdom: Organic compounds; superclass: Organoheterocyclic compounds; class: Indoles and derivatives; subclass: Indolyl carboxylic acids and derivatives; level 5: Indole-3-acetic acid derivatives"
"KTVPXOYAKDPRHY-SOOFDHNKSA-N","kingdom: Organic compounds; superclass: Organic oxygen compounds; class: Organooxygen compounds; subclass: Carbohydrates and carbohydrate conjugates; level 5: Monosaccharides; level 6: Pentoses; level 7: Pentose phosphates"
"KUBCEEMXQZUPDQ-UHFFFAOYSA-N","kingdom: Organic compounds; superclass: Benzenoids; class: Benzene and substituted derivatives; subclass: Phenethylamines; kingdom: Organic compounds; superclass: Benzenoids; class: Benzene and substituted derivatives; subclass: Phenethylamines"
"KWIUHFFTVRNATP-UHFFFAOYSA-N","kingdom: Organic compounds; superclass: Organic acids and derivatives; class: Carboxylic acids and derivatives; subclass: Amino acids, peptides, and analogues; level 5: Amino acids and derivatives; level 6: Alpha amino acids and derivatives; level 7: Alpha amino acids; kingdom: Organic compounds; superclass: Organic acids and derivatives; class: Carboxylic acids and derivatives; subclass: Amino acids, peptides, and analogues; level 5: Amino acids and derivatives; level 6: Alpha amino acids and derivatives; level 7: Alpha amino acids"
"KZSNJWFQEVHDMF-BYPYZUCNSA-N","kingdom: Organic compounds; superclass: Organic acids and derivatives; class: Carboxylic acids and derivatives; subclass: Amino acids, peptides, and analogues; level 5: Amino acids and derivatives; level 6: Alpha amino acids and derivatives; level 7: Valine and derivatives"
"LEVWYRKDKASIDU-IMJSIDKUSA-N","kingdom: Organic compounds; superclass: Organic acids and derivatives; class: Carboxylic acids and derivatives; subclass: Amino acids, peptides, and analogues; level 5: Amino acids and derivatives; level 6: Alpha amino acids and derivatives; level 7: Cysteine and derivatives; level 8: L-cysteine-S-conjugates"
"LFTYTUAZOPRMMI-CFRASDGPSA-N","kingdom: Organic compounds; superclass: Nucleosides, nucleotides, and analogues; class: Pyrimidine nucleotides; subclass: Pyrimidine nucleotide sugars"
"LJUQGASMPRMWIW-UHFFFAOYSA-N","kingdom: Organic compounds; superclass: Organoheterocyclic compounds; class: Benzimidazoles"
"LOIYMIARKYCTBW-OWOJBTEDSA-N","kingdom: Organic compounds; superclass: Organoheterocyclic compounds; class: Azoles; subclass: Imidazoles; level 5: Substituted imidazoles; level 6: Imidazolyl carboxylic acids and derivatives; kingdom: Organic compounds; superclass: Organoheterocyclic compounds; class: Azoles; subclass: Imidazoles; level 5: Substituted imidazoles; level 6: Imidazolyl carboxylic acids and derivatives"
"LRCNOZRCYBNMEP-SECBINFHSA-N","kingdom: Organic compounds; superclass: Lipids and lipid-like molecules; class: Fatty Acyls; subclass: Fatty acid esters; level 5: Acyl carnitines"
"LRFVTYWOQMYALW-UHFFFAOYSA-N","kingdom: Organic compounds; superclass: Organoheterocyclic compounds; class: Imidazopyrimidines; subclass: Purines and purine derivatives; level 5: Xanthines"
"LRSASMSXMSNRBT-UHFFFAOYSA-N","kingdom: Organic compounds; superclass: Organoheterocyclic compounds; class: Diazines; subclass: Pyrimidines and pyrimidine derivatives; level 5: Hydroxypyrimidines"
"LTYOQGRJFJAKNA-DVVLENMVSA-N","kingdom: Organic compounds; superclass: Lipids and lipid-like molecules; class: Fatty Acyls; subclass: Fatty acyl thioesters; level 5: Acyl CoAs"
"LUEWUZLMQUOBSB-ZLBHSGTGSA-N","kingdom: Organic compounds; superclass: Organic oxygen compounds; class: Organooxygen compounds; subclass: Carbohydrates and carbohydrate conjugates; level 5: Oligosaccharides"
"LXNHXLLTXMVWPM-UHFFFAOYSA-N","kingdom: Organic compounds; superclass: Organoheterocyclic compounds; class: Pyridines and derivatives; subclass: Pyridoxines"
"MBBOMCVGYCRMEA-UHFFFAOYSA-N","kingdom: Organic compounds; superclass: Organoheterocyclic compounds; class: Indoles and derivatives; subclass: Indoles; level 5: 3-alkylindoles"
"MBMBGCFOFBJSGT-KUBAVDMBSA-N","kingdom: Organic compounds; superclass: Lipids and lipid-like molecules; class: Fatty Acyls; subclass: Fatty acids and conjugates; level 5: Very long-chain fatty acids; kingdom: Organic compounds; superclass: Lipids and lipid-like molecules; class: Fatty Acyls; subclass: Fatty acids and conjugates; level 5: Very long-chain fatty acids"
"MBWXNTAXLNYFJB-NKFFZRIASA-N","kingdom: Organic compounds; superclass: Lipids and lipid-like molecules; class: Prenol lipids; subclass: Quinone and hydroquinone lipids; level 5: Vitamin K compounds; kingdom: Organic compounds; superclass: Lipids and lipid-like molecules; class: Prenol lipids; subclass: Quinone and hydroquinone lipids; level 5: Vitamin K compounds"
"MEFKEPWMEQBLKI-AIRLBKTGSA-N","kingdom: Organic compounds; superclass: Nucleosides, nucleotides, and analogues; class: 5'-deoxyribonucleosides; subclass: 5'-deoxy-5'-thionucleosides; kingdom: Organic compounds; superclass: Nucleosides, nucleotides, and analogues; class: 5'-deoxyribonucleosides; subclass: 5'-deoxy-5'-thionucleosides"
"MNLRQHMNZILYPY-MKFCKLDKSA-N","kingdom: Organic compounds; superclass: Organic oxygen compounds; class: Organooxygen compounds; subclass: Carbohydrates and carbohydrate conjugates; level 5: Aminosaccharides; level 6: Amino sugars; level 7: Acylaminosugars; kingdom: Organic compounds; superclass: Organic oxygen compounds; class: Organooxygen compounds; subclass: Carbohydrates and carbohydrate conjugates; level 5: Aminosaccharides; level 6: Amino sugars; level 7: Acylaminosugars"
"MOQGCGNUWBPGTQ-UHFFFAOYSA-N","kingdom: Organic compounds; superclass: Organic oxygen compounds; class: Organic oxides"
"MSFSPUZXLOGKHJ-PGYHGBPZSA-N","kingdom: Organic compounds; superclass: Organic oxygen compounds; class: Organooxygen compounds; subclass: Carbohydrates and carbohydrate conjugates; level 5: Sugar acids and derivatives"
"MSWZFWKMSRAUBD-IVMDWMLBSA-N","kingdom: Organic compounds; superclass: Organic oxygen compounds; class: Organooxygen compounds; subclass: Carbohydrates and carbohydrate conjugates; level 5: Monosaccharides; level 6: Hexoses; kingdom: Organic compounds; superclass: Organic oxygen compounds; class: Organooxygen compounds; subclass: Carbohydrates and carbohydrate conjugates; level 5: Monosaccharides; level 6: Hexoses"
"MTCFGRXMJLQNBG-REOHCLBHSA-N","kingdom: Organic compounds; superclass: Organic acids and derivatives; class: Carboxylic acids and derivatives; subclass: Amino acids, peptides, and analogues; level 5: Amino acids and derivatives; level 6: Alpha amino acids and derivatives; level 7: Serine and derivatives"
"MUBZPKHOEPUJKR-UHFFFAOYSA-N","kingdom: Organic compounds; superclass: Organic acids and derivatives; class: Carboxylic acids and derivatives; subclass: Dicarboxylic acids and derivatives"
"MUNWAHDYFVYIKH-PHDIDXHHSA-N","kingdom: Organic compounds; superclass: Organic acids and derivatives; class: Carboxylic acids and derivatives; subclass: Amino acids, peptides, and analogues; level 5: Amino acids and derivatives; level 6: Alpha amino acids and derivatives; level 7: Proline and derivatives"
"MUNWAHDYFVYIKH-RITPCOANSA-N","kingdom: Organic compounds; superclass: Organic acids and derivatives; class: Carboxylic acids and derivatives; subclass: Amino acids, peptides, and analogues; level 5: Amino acids and derivatives; level 6: Alpha amino acids and derivatives; level 7: Proline and derivatives"
"MWOOGOJBHIARFG-UHFFFAOYSA-N","kingdom: Organic compounds; superclass: Benzenoids; class: Phenols; subclass: Methoxyphenols"
"MXNRLFUSFKVQSK-QMMMGPOBSA-N","kingdom: Organic compounds; superclass: Organic acids and derivatives; class: Carboxylic acids and derivatives; subclass: Amino acids, peptides, and analogues; level 5: Amino acids and derivatives; level 6: Alpha amino acids and derivatives; level 7: Alpha amino acids; level 8: L-alpha-amino acids"
"MYYIAHXIVFADCU-QMMMGPOBSA-N","kingdom: Organic compounds; superclass: Organic acids and derivatives; class: Peptidomimetics; subclass: Hybrid peptides; kingdom: Organic compounds; superclass: Organic acids and derivatives; class: Peptidomimetics; subclass: Hybrid peptides"
"MZFOKIKEPGUZEN-IBNUZSNCSA-N","kingdom: Organic compounds; superclass: Lipids and lipid-like molecules; class: Fatty Acyls; subclass: Fatty acyl thioesters; level 5: Acyl CoAs"
"NCYCYZXNIZJOKI-OVSJKPMPSA-N","kingdom: Organic compounds; superclass: Lipids and lipid-like molecules; class: Prenol lipids; subclass: Retinoids; kingdom: Organic compounds; superclass: Lipids and lipid-like molecules; class: Prenol lipids; subclass: Retinoids"
"NGSWKAQJJWESNS-ZZXKWVIFSA-N","kingdom: Organic compounds; superclass: Phenylpropanoids and polyketides; class: Cinnamic acids and derivatives; subclass: Hydroxycinnamic acids and derivatives; level 5: Hydroxycinnamic acids"
"NGVDGCNFYWLIFO-UHFFFAOYSA-N","kingdom: Organic compounds; superclass: Organoheterocyclic compounds; class: Pyridines and derivatives; subclass: Pyridine carboxaldehydes; level 5: Pyridoxals and derivatives"
"NHZMQXZHNVQTQA-UHFFFAOYSA-N","kingdom: Organic compounds; superclass: Organoheterocyclic compounds; class: Pyridines and derivatives; subclass: Pyridoxamines; level 5: Pyridoxamine 5'-phosphates"
"NYHBQMYGNKIUIF-UUOKFMHZSA-N","kingdom: Organic compounds; superclass: Nucleosides, nucleotides, and analogues; class: Purine nucleosides; kingdom: Organic compounds; superclass: Nucleosides, nucleotides, and analogues; class: Purine nucleosides"
"ODBLHEXUDAPZAU-UHFFFAOYSA-N","kingdom: Organic compounds; superclass: Organic acids and derivatives; class: Carboxylic acids and derivatives; subclass: Tricarboxylic acids and derivatives"
"ODHCTXKNWHHXJC-VKHMYHEASA-N","kingdom: Organic compounds; superclass: Organic acids and derivatives; class: Carboxylic acids and derivatives; subclass: Amino acids, peptides, and analogues; level 5: Amino acids and derivatives; level 6: Alpha amino acids and derivatives; kingdom: Organic compounds; superclass: Organic acids and derivatives; class: Carboxylic acids and derivatives; subclass: Amino acids, peptides, and analogues; level 5: Amino acids and derivatives; level 6: Alpha amino acids and derivatives"
"ODKSFYDXXFIFQN-BYPYZUCNSA-N","kingdom: Organic compounds; superclass: Organic acids and derivatives; class: Carboxylic acids and derivatives; subclass: Amino acids, peptides, and analogues; level 5: Amino acids and derivatives; level 6: Alpha amino acids and derivatives; level 7: Alpha amino acids; level 8: L-alpha-amino acids"
"OENHQHLEOONYIE-JLTXGRSLSA-N","kingdom: Organic compounds; superclass: Lipids and lipid-like molecules; class: Prenol lipids; subclass: Tetraterpenoids; level 5: Carotenoids; level 6: Carotenes; kingdom: Organic compounds; superclass: Lipids and lipid-like molecules; class: Prenol lipids; subclass: Tetraterpenoids; level 5: Carotenoids; level 6: Carotenes"
"OEYIOHPDSNJKLS-UHFFFAOYSA-N","kingdom: Organic compounds; superclass: Organic nitrogen compounds; class: Organonitrogen compounds; subclass: Quaternary ammonium salts; level 5: Cholines; kingdom: Organic compounds; superclass: Organic nitrogen compounds; class: Organonitrogen compounds; subclass: Quaternary ammonium salts; level 5: Cholines"
"OFCNXPDARWKPPY-UHFFFAOYSA-N","kingdom: Organic compounds; superclass: Organoheterocyclic compounds; class: Pyrazolopyrimidines; subclass: Pyrazolo[3,4-d]pyrimidines; kingdom: Organic compounds; superclass: Organoheterocyclic compounds; class: Pyrazolopyrimidines; subclass: Pyrazolo[3,4-d]pyrimidines; kingdom: Organic compounds; superclass: Organoheterocyclic compounds; class: Pyrazolopyrimidines; subclass: Pyrazolo[3,4-d]pyrimidines"
"OIPILFWXSMYKGL-UHFFFAOYSA-N","kingdom: Organic compounds; superclass: Organic nitrogen compounds; class: Organonitrogen compounds; subclass: Quaternary ammonium salts; level 5: Cholines; level 6: Acyl cholines"
"OIRDTQYFTABQOQ-KQYNXXCUSA-N","kingdom: Organic compounds; superclass: Nucleosides, nucleotides, and analogues; class: Purine nucleosides; kingdom: Organic compounds; superclass: Nucleosides, nucleotides, and analogues; class: Purine nucleosides"
"OJFDKHTZOUZBOS-CITAKDKDSA-N","kingdom: Organic compounds; superclass: Lipids and lipid-like molecules; class: Fatty Acyls; subclass: Fatty acyl thioesters; level 5: Acyl CoAs; level 6: 3-oxo-acyl CoAs"
"OJOBTAOGJIWAGB-UHFFFAOYSA-N","kingdom: Organic compounds; superclass: Organic oxygen compounds; class: Organooxygen compounds; subclass: Carbonyl compounds; level 5: Ketones; level 6: Aryl ketones; level 7: Phenylketones; level 8: Alkyl-phenylketones"
"OKJIRPAQVSHGFK-UHFFFAOYSA-N","kingdom: Organic compounds; superclass: Organic acids and derivatives; class: Carboxylic acids and derivatives; subclass: Amino acids, peptides, and analogues; level 5: Amino acids and derivatives; level 6: Alpha amino acids and derivatives; level 7: N-acyl-alpha amino acids and derivatives; level 8: N-acyl-alpha amino acids"
"OLXZPDWKRNYJJZ-RRKCRQDMSA-N","kingdom: Organic compounds; superclass: Nucleosides, nucleotides, and analogues; class: Purine nucleosides; subclass: Purine 2'-deoxyribonucleosides; kingdom: Organic compounds; superclass: Nucleosides, nucleotides, and analogues; class: Purine nucleosides; subclass: Purine 2'-deoxyribonucleosides"
"ONFOSYPQQXJWGS-UHFFFAOYSA-N","kingdom: Organic compounds; superclass: Lipids and lipid-like molecules; class: Fatty Acyls; subclass: Fatty acids and conjugates; level 5: Thia fatty acids"
"ONIBWKKTOPOVIA-BYPYZUCNSA-N","kingdom: Organic compounds; superclass: Organic acids and derivatives; class: Carboxylic acids and derivatives; subclass: Amino acids, peptides, and analogues; level 5: Amino acids and derivatives; level 6: Alpha amino acids and derivatives; level 7: Proline and derivatives"
"OPSSCPNCFKJCFR-ANKZSMJWSA-N","kingdom: Organic compounds; superclass: Lipids and lipid-like molecules; class: Prenol lipids; subclass: Sesquiterpenoids"
"OPTASPLRGRRNAP-UHFFFAOYSA-N","kingdom: Organic compounds; superclass: Organoheterocyclic compounds; class: Diazines; subclass: Pyrimidines and pyrimidine derivatives; level 5: Pyrimidones; kingdom: Organic compounds; superclass: Organoheterocyclic compounds; class: Diazines; subclass: Pyrimidines and pyrimidine derivatives; level 5: Pyrimidones"
"OSCCDBFHNMXNME-YUPRTTJUSA-N","kingdom: Organic compounds; superclass: Organic acids and derivatives; class: Carboxylic acids and derivatives; subclass: Amino acids, peptides, and analogues; level 5: Amino acids and derivatives; level 6: Alpha amino acids and derivatives; level 7: Isoleucine and derivatives; kingdom: Organic compounds; superclass: Organic acids and derivatives; class: Carboxylic acids and derivatives; subclass: Amino acids, peptides, and analogues; level 5: Amino acids and derivatives; level 6: Alpha amino acids and derivatives; level 7: Isoleucine and derivatives"
"OSJPPGNTCRNQQC-UHFFFAOYSA-N","kingdom: Organic compounds; superclass: Organic oxygen compounds; class: Organooxygen compounds; subclass: Carbohydrates and carbohydrate conjugates; level 5: Sugar acids and derivatives"
"OUYCCCASQSFEME-QMMMGPOBSA-N","kingdom: Organic compounds; superclass: Organic acids and derivatives; class: Carboxylic acids and derivatives; subclass: Amino acids, peptides, and analogues; level 5: Amino acids and derivatives; level 6: Alpha amino acids and derivatives; level 7: Tyrosine and derivatives; kingdom: Organic compounds; superclass: Organic acids and derivatives; class: Carboxylic acids and derivatives; subclass: Amino acids, peptides, and analogues; level 5: Amino acids and derivatives; level 6: Alpha amino acids and derivatives; level 7: Tyrosine and derivatives"
"OVBPIULPVIDEAO-LBPRGKRZSA-N","kingdom: Organic compounds; superclass: Organic acids and derivatives; class: Carboxylic acids and derivatives; subclass: Amino acids, peptides, and analogues; level 5: Amino acids and derivatives; level 6: Alpha amino acids and derivatives; level 7: Glutamic acid and derivatives"
"OVRNDRQMDRJTHS-RTRLPJTCSA-N","kingdom: Organic compounds; superclass: Organic oxygen compounds; class: Organooxygen compounds; subclass: Carbohydrates and carbohydrate conjugates; level 5: Aminosaccharides; level 6: Amino sugars; level 7: Acylaminosugars"
"PCMORTLOPMLEFB-ONEGZZNKSA-N","kingdom: Organic compounds; superclass: Phenylpropanoids and polyketides; class: Cinnamic acids and derivatives; subclass: Hydroxycinnamic acids and derivatives; level 5: Hydroxycinnamic acids"
"PHIQHXFUZVPYII-UHFFFAOYSA-N","kingdom: Organic compounds; superclass: Organic nitrogen compounds; class: Organonitrogen compounds; subclass: Quaternary ammonium salts; level 5: Carnitines"
"PHSRRHGYXQCRPU-AWEZNQCLSA-N","kingdom: Organic compounds; superclass: Organic acids and derivatives; class: Carboxylic acids and derivatives; subclass: Amino acids, peptides, and analogues; level 5: Amino acids and derivatives; level 6: Alpha amino acids and derivatives; level 7: N-acyl-alpha amino acids and derivatives"
"PHSRRHGYXQCRPU-UHFFFAOYSA-N","kingdom: Organic compounds; superclass: Organic acids and derivatives; class: Carboxylic acids and derivatives; subclass: Amino acids, peptides, and analogues; level 5: Amino acids and derivatives; level 6: Alpha amino acids and derivatives; level 7: N-acyl-alpha amino acids and derivatives"
"PKFDLKSEZWEFGL-MHARETSRSA-N","kingdom: Organic compounds; superclass: Nucleosides, nucleotides, and analogues; class: (3'->5')-dinucleotides and analogues; subclass: (3'->5')-cyclic dinucleotides and analogues; kingdom: Organic compounds; superclass: Nucleosides, nucleotides, and analogues; class: (3'->5')-dinucleotides and analogues; subclass: (3'->5')-cyclic dinucleotides and analogues"
"PLJAKLUDUPBLGD-VLWZLFBZSA-N","kingdom: Organic compounds; superclass: Organic oxygen compounds; class: Organooxygen compounds; subclass: Carbohydrates and carbohydrate conjugates; level 5: Aminosaccharides; level 6: N-acyl-alpha-hexosamines"
"PLVPPLCLBIEYEA-UHFFFAOYSA-N","kingdom: Organic compounds; superclass: Organoheterocyclic compounds; class: Indoles and derivatives; subclass: Indoles"
"PMMYEEVYMWASQN-DMTCNVIQSA-N","kingdom: Organic compounds; superclass: Organic acids and derivatives; class: Carboxylic acids and derivatives; subclass: Amino acids, peptides, and analogues; level 5: Amino acids and derivatives; level 6: Alpha amino acids and derivatives; level 7: Proline and derivatives"
"POJWUDADGALRAB-UHFFFAOYSA-N","kingdom: Organic compounds; superclass: Organoheterocyclic compounds; class: Azoles; subclass: Imidazoles"
"PSBDWGZCVUAZQS-UHFFFAOYSA-N","kingdom: Organic compounds; superclass: Organic acids and derivatives; class: Carboxylic acids and derivatives; subclass: Carboxylic acid derivatives; level 5: Carboxylic acid salts"
"PSQYTAPXSHCGMF-BQYQJAHWSA-N","kingdom: Organic compounds; superclass: Lipids and lipid-like molecules; class: Prenol lipids; subclass: Sesquiterpenoids"
"PVNIIMVLHYAWGP-UHFFFAOYSA-N","kingdom: Organic compounds; superclass: Organoheterocyclic compounds; class: Pyridines and derivatives; subclass: Pyridinecarboxylic acids and derivatives; level 5: Pyridinecarboxylic acids; kingdom: Organic compounds; superclass: Organoheterocyclic compounds; class: Pyridines and derivatives; subclass: Pyridinecarboxylic acids and derivatives; level 5: Pyridinecarboxylic acids"
"PXQPEWDEAKTCGB-UHFFFAOYSA-N","kingdom: Organic compounds; superclass: Organoheterocyclic compounds; class: Diazines; subclass: Pyrimidines and pyrimidine derivatives; level 5: Pyrimidinecarboxylic acids and derivatives; level 6: Pyrimidinecarboxylic acids"
"QAIPRVGONGVQAS-DUXPYHPUSA-N","kingdom: Organic compounds; superclass: Phenylpropanoids and polyketides; class: Cinnamic acids and derivatives; subclass: Hydroxycinnamic acids and derivatives; level 5: Hydroxycinnamic acids"
"QANMHLXAZMSUEX-UHFFFAOYSA-N","kingdom: Organic compounds; superclass: Organoheterocyclic compounds; class: Imidazopyrimidines; subclass: Purines and purine derivatives; level 5: 6-aminopurines; level 6: 6-alkylaminopurines"
"QAQREVBBADEHPA-IEXPHMLFSA-N","kingdom: Organic compounds; superclass: Lipids and lipid-like molecules; class: Fatty Acyls; subclass: Fatty acyl thioesters; level 5: Acyl CoAs"
"QEFRNWWLZKMPFJ-YGVKFDHGSA-N","kingdom: Organic compounds; superclass: Organic acids and derivatives; class: Carboxylic acids and derivatives; subclass: Amino acids, peptides, and analogues; level 5: Amino acids and derivatives; level 6: Alpha amino acids and derivatives; level 7: Alpha amino acids; level 8: L-alpha-amino acids"
"QHHKKMYHDBRONY-BEVJUKKNSA-N","kingdom: Organic compounds; superclass: Lipids and lipid-like molecules; class: Fatty Acyls; subclass: Fatty acyl thioesters; level 5: Acyl CoAs; level 6: 3-hydroxyacyl CoAs; level 7: (S)-3-hydroxyacyl CoAs"
"QIVBCDIJIAJPQS-VIFPVBQESA-N","kingdom: Organic compounds; superclass: Organoheterocyclic compounds; class: Indoles and derivatives; subclass: Indolyl carboxylic acids and derivatives"
"QJPWUUJVYOJNMH-UHFFFAOYSA-N","kingdom: Organic compounds; superclass: Organic acids and derivatives; class: Carboxylic acids and derivatives; subclass: Amino acids, peptides, and analogues; level 5: Amino acids and derivatives; level 6: Alpha amino acids and derivatives; level 7: Alpha amino acid esters"
"QNAYBMKLOCPYGJ-REOHCLBHSA-N","kingdom: Organic compounds; superclass: Organic acids and derivatives; class: Carboxylic acids and derivatives; subclass: Amino acids, peptides, and analogues; level 5: Amino acids and derivatives; level 6: Alpha amino acids and derivatives; level 7: Alanine and derivatives"
"QWYFHHGCZUCMBN-SECBINFHSA-N","kingdom: Organic compounds; superclass: Lipids and lipid-like molecules; class: Fatty Acyls; subclass: Fatty acid esters; level 5: Acyl carnitines; kingdom: Organic compounds; superclass: Lipids and lipid-like molecules; class: Fatty Acyls; subclass: Fatty acid esters; level 5: Acyl carnitines"
"QXAUTQFAWKKNLM-UHFFFAOYSA-N","kingdom: Organic compounds; superclass: Organoheterocyclic compounds; class: Indoles and derivatives; subclass: Indolecarboxylic acids and derivatives"
"QYPPJABKJHAVHS-UHFFFAOYSA-N","kingdom: Organic compounds; superclass: Organic nitrogen compounds; class: Organonitrogen compounds; subclass: Guanidines"
"RADKZDMFGJYCBB-UHFFFAOYSA-N","kingdom: Organic compounds; superclass: Organoheterocyclic compounds; class: Pyridines and derivatives; subclass: Pyridine carboxaldehydes; level 5: Pyridoxals and derivatives"
"RDHQFKQIGNGIED-MRVPVSSYSA-O","kingdom: Organic compounds; superclass: Lipids and lipid-like molecules; class: Fatty Acyls; subclass: Fatty acid esters; level 5: Acyl carnitines; kingdom: Organic compounds; superclass: Lipids and lipid-like molecules; class: Fatty Acyls; subclass: Fatty acid esters; level 5: Acyl carnitines; kingdom: Organic compounds; superclass: Lipids and lipid-like molecules; class: Fatty Acyls; subclass: Fatty acid esters; level 5: Acyl carnitines"
"RFMMMVDNIPUKGG-YFKPBYRVSA-N","kingdom: Organic compounds; superclass: Organic acids and derivatives; class: Carboxylic acids and derivatives; subclass: Amino acids, peptides, and analogues; level 5: Amino acids and derivatives; level 6: Alpha amino acids and derivatives; level 7: Glutamic acid and derivatives; kingdom: Organic compounds; superclass: Organic acids and derivatives; class: Carboxylic acids and derivatives; subclass: Amino acids, peptides, and analogues; level 5: Amino acids and derivatives; level 6: Alpha amino acids and derivatives; level 7: Glutamic acid and derivatives; kingdom: Organic compounds; superclass: Organic acids and derivatives; class: Carboxylic acids and derivatives; subclass: Amino acids, peptides, and analogues; level 5: Amino acids and derivatives; level 6: Alpha amino acids and derivatives; level 7: Glutamic acid and derivatives"
"RGHHSNMVTDWUBI-UHFFFAOYSA-N","kingdom: Organic compounds; superclass: Organic oxygen compounds; class: Organooxygen compounds; subclass: Carbonyl compounds; level 5: Aldehydes; level 6: Aryl-aldehydes; level 7: Benzaldehydes; level 8: Hydroxybenzaldehydes"
"RGHNJXZEOKUKBD-SQOUGZDYSA-N","kingdom: Organic compounds; superclass: Organic oxygen compounds; class: Organooxygen compounds; subclass: Carbohydrates and carbohydrate conjugates; level 5: Sugar acids and derivatives"
"RHGKLRLOHDJJDR-BYPYZUCNSA-N","kingdom: Organic compounds; superclass: Organic acids and derivatives; class: Carboxylic acids and derivatives; subclass: Amino acids, peptides, and analogues; level 5: Amino acids and derivatives; level 6: Alpha amino acids and derivatives; level 7: Alpha amino acids; level 8: L-alpha-amino acids"
"ROHFNLRQFUQHCH-YFKPBYRVSA-N","kingdom: Organic compounds; superclass: Organic acids and derivatives; class: Carboxylic acids and derivatives; subclass: Amino acids, peptides, and analogues; level 5: Amino acids and derivatives; level 6: Alpha amino acids and derivatives; level 7: Leucine and derivatives"
"RQFCJASXJCIDSX-UUOKFMHZSA-N","kingdom: Organic compounds; superclass: Nucleosides, nucleotides, and analogues; class: Purine nucleotides; subclass: Purine ribonucleotides; level 5: Purine ribonucleoside monophosphates"
"RSQSQJNRHICNNH-NFMPGMCNSA-N","kingdom: Organic compounds; superclass: Lipids and lipid-like molecules; class: Prenol lipids; subclass: Diterpenoids; level 5: Gibberellins; level 6: C19-gibberellins; level 7: C19-gibberellin 6-carboxylic acids"
"RSTKLPZEZYGQPY-UHFFFAOYSA-N","kingdom: Organic compounds; superclass: Organoheterocyclic compounds; class: Indoles and derivatives; subclass: Indolyl carboxylic acids and derivatives"
"RWJXTYSZCDAMCD-UHFFFAOYSA-N","kingdom: Organic compounds; superclass: Hydrocarbon derivatives; class: Tropones"
"RWQNBRDOKXIBIV-UHFFFAOYSA-N","kingdom: Organic compounds; superclass: Organoheterocyclic compounds; class: Diazines; subclass: Pyrimidines and pyrimidine derivatives; level 5: Hydroxypyrimidines; kingdom: Organic compounds; superclass: Organoheterocyclic compounds; class: Diazines; subclass: Pyrimidines and pyrimidine derivatives; level 5: Hydroxypyrimidines"
"RWSXRVCMGQZWBV-WDSKDSINSA-N","kingdom: Organic compounds; superclass: Organic acids and derivatives; class: Carboxylic acids and derivatives; subclass: Amino acids, peptides, and analogues; level 5: Peptides; kingdom: Organic compounds; superclass: Organic acids and derivatives; class: Carboxylic acids and derivatives; subclass: Amino acids, peptides, and analogues; level 5: Peptides"
"RYYVLZVUVIJVGH-UHFFFAOYSA-N","kingdom: Organic compounds; superclass: Organoheterocyclic compounds; class: Imidazopyrimidines; subclass: Purines and purine derivatives; level 5: Xanthines"
"RZFHLOLGZPDCHJ-XZXLULOTSA-N","kingdom: Organic compounds; superclass: Lipids and lipid-like molecules; class: Prenol lipids; subclass: Quinone and hydroquinone lipids; level 5: Vitamin E compounds; level 6: Tocotrienols; kingdom: Organic compounds; superclass: Lipids and lipid-like molecules; class: Prenol lipids; subclass: Quinone and hydroquinone lipids; level 5: Vitamin E compounds; level 6: Tocotrienols"
"SEOVTRFCIGRIMH-UHFFFAOYSA-N","kingdom: Organic compounds; superclass: Organoheterocyclic compounds; class: Indoles and derivatives; subclass: Indolyl carboxylic acids and derivatives; level 5: Indole-3-acetic acid derivatives"
"SHGAZHPCJJPHSC-YCNIQYBTSA-N","kingdom: Organic compounds; superclass: Lipids and lipid-like molecules; class: Prenol lipids; subclass: Retinoids; kingdom: Organic compounds; superclass: Lipids and lipid-like molecules; class: Prenol lipids; subclass: Retinoids"
"SIEHZFPZQUNSAS-GCVUPTOQSA-N","kingdom: Organic compounds; superclass: Lipids and lipid-like molecules; class: Prenol lipids; subclass: Sesquiterpenoids; kingdom: Organic compounds; superclass: Lipids and lipid-like molecules; class: Prenol lipids; subclass: Sesquiterpenoids"
"SNKZJIOFVMKAOJ-UHFFFAOYSA-M","kingdom: Organic compounds; superclass: Organic acids and derivatives; class: Organic sulfonic acids and derivatives; subclass: Organosulfonic acids and derivatives; level 5: Organosulfonic acids; kingdom: Organic compounds; superclass: Organic acids and derivatives; class: Organic sulfonic acids and derivatives; subclass: Organosulfonic acids and derivatives; level 5: Organosulfonic acids"
"SNPLKNRPJHDVJA-ZETCQYMHSA-N","kingdom: Organic compounds; superclass: Organic oxygen compounds; class: Organooxygen compounds; subclass: Alcohols and polyols; level 5: Secondary alcohols; kingdom: Organic compounds; superclass: Organic oxygen compounds; class: Organooxygen compounds; subclass: Alcohols and polyols; level 5: Secondary alcohols"
"SOECUQMRSRVZQQ-UHFFFAOYSA-N","kingdom: Organic compounds; superclass: Lipids and lipid-like molecules; class: Prenol lipids; subclass: Quinone and hydroquinone lipids; level 5: Prenylquinones; level 6: Ubiquinones"
"SPTHHTGLGVZZRH-UHFFFAOYSA-N","kingdom: Organic compounds; superclass: Organometallic compounds; class: Organometalloid compounds; subclass: Organoarsenic compounds; level 5: Tetraorganoarsonium salts; kingdom: Organic compounds; superclass: Organometallic compounds; class: Organometalloid compounds; subclass: Organoarsenic compounds; level 5: Tetraorganoarsonium salts"
"SSISHJJTAXXQAX-ZETCQYMHSA-N","kingdom: Organic compounds; superclass: Organic acids and derivatives; class: Carboxylic acids and derivatives; subclass: Amino acids, peptides, and analogues; level 5: Amino acids and derivatives; level 6: Alpha amino acids and derivatives; level 7: Histidine and derivatives"
"SUHOQUVVVLNYQR-MRVPVSSYSA-N","kingdom: Organic compounds; superclass: Lipids and lipid-like molecules; class: Glycerophospholipids; subclass: Glycerophosphocholines; kingdom: Organic compounds; superclass: Lipids and lipid-like molecules; class: Glycerophospholipids; subclass: Glycerophosphocholines"
"SUMDYPCJJOFFON-UHFFFAOYSA-N","kingdom: Organic compounds; superclass: Organic acids and derivatives; class: Organic sulfonic acids and derivatives; subclass: Organosulfonic acids and derivatives; level 5: Organosulfonic acids"
"SUZRRICLUFMAQD-UHFFFAOYSA-N","kingdom: Organic compounds; superclass: Organic acids and derivatives; class: Organic sulfonic acids and derivatives; subclass: Organosulfonic acids and derivatives; level 5: Organosulfonic acids"
"SXFSQZDSUWACKX-UHFFFAOYSA-N","kingdom: Organic compounds; superclass: Lipids and lipid-like molecules; class: Fatty Acyls; subclass: Fatty acids and conjugates; level 5: Thia fatty acids"
"TZWZKDULKILUPV-LBPRGKRZSA-N","kingdom: Organic compounds; superclass: Organic acids and derivatives; class: Carboxylic acids and derivatives; subclass: Amino acids, peptides, and analogues; level 5: Amino acids and derivatives; level 6: Alpha amino acids and derivatives; level 7: N-acyl-alpha amino acids and derivatives"
"UCMIRNVEIXFBKS-UHFFFAOYSA-N","kingdom: Organic compounds; superclass: Organic acids and derivatives; class: Carboxylic acids and derivatives; subclass: Amino acids, peptides, and analogues; level 5: Amino acids and derivatives; level 6: Beta amino acids and derivatives"
"UCTLRSWJYQTBFZ-DDPQNLDTSA-N","kingdom: Organic compounds; superclass: Lipids and lipid-like molecules; class: Steroids and steroid derivatives; subclass: Cholestane steroids; level 5: Cholesterols and derivatives; kingdom: Organic compounds; superclass: Lipids and lipid-like molecules; class: Steroids and steroid derivatives; subclass: Cholestane steroids; level 5: Cholesterols and derivatives"
"UDMBCSSLTHHNCD-KQYNXXCUSA-N","kingdom: Organic compounds; superclass: Nucleosides, nucleotides, and analogues; class: Purine nucleotides; subclass: Purine ribonucleotides; level 5: Purine ribonucleoside monophosphates"
"UFAHZIUFPNSHSL-UHFFFAOYSA-N","kingdom: Organic compounds; superclass: Lipids and lipid-like molecules; class: Fatty Acyls; subclass: Fatty acid esters; level 5: Acyl carnitines; kingdom: Organic compounds; superclass: Lipids and lipid-like molecules; class: Fatty Acyls; subclass: Fatty acid esters; level 5: Acyl carnitines"
"UGQMRVRMYYASKQ-KQYNXXCUSA-N","kingdom: Organic compounds; superclass: Nucleosides, nucleotides, and analogues; class: Purine nucleosides; kingdom: Organic compounds; superclass: Nucleosides, nucleotides, and analogues; class: Purine nucleosides; kingdom: Organic compounds; superclass: Nucleosides, nucleotides, and analogues; class: Purine nucleosides"
"UHDGCWIWMRVCDJ-XVFCMESISA-N","kingdom: Organic compounds; superclass: Nucleosides, nucleotides, and analogues; class: Pyrimidine nucleosides; kingdom: Organic compounds; superclass: Nucleosides, nucleotides, and analogues; class: Pyrimidine nucleosides"
"UIUJIQZEACWQSV-UHFFFAOYSA-N","kingdom: Organic compounds; superclass: Lipids and lipid-like molecules; class: Fatty Acyls; subclass: Fatty acids and conjugates; level 5: Straight chain fatty acids"
"UKAUYVFTDYCKQA-VKHMYHEASA-N","kingdom: Organic compounds; superclass: Organic acids and derivatives; class: Carboxylic acids and derivatives; subclass: Amino acids, peptides, and analogues; level 5: Amino acids and derivatives; level 6: Alpha amino acids and derivatives; level 7: Alpha amino acids; level 8: L-alpha-amino acids"
"UYPYRKYUKCHHIB-UHFFFAOYSA-N","kingdom: Organic compounds; superclass: Organic nitrogen compounds; class: Organonitrogen compounds; subclass: Aminoxides; level 5: Trialkyl amine oxides"
"UYRHHBXYXSYGHA-UHFFFAOYSA-N","kingdom: Organic compounds; superclass: Organoheterocyclic compounds; class: Quinolines and derivatives; subclass: Quinolones and derivatives; level 5: Hydroquinolones"
"UYTPUPDQBNUYGX-UHFFFAOYSA-N","kingdom: Organic compounds; superclass: Organoheterocyclic compounds; class: Imidazopyrimidines; subclass: Purines and purine derivatives; kingdom: Organic compounds; superclass: Organoheterocyclic compounds; class: Imidazopyrimidines; subclass: Purines and purine derivatives"
"UZKQTCBAMSWPJD-FARCUNLSSA-N","kingdom: Organic compounds; superclass: Organoheterocyclic compounds; class: Imidazopyrimidines; subclass: Purines and purine derivatives; level 5: 6-aminopurines; level 6: 6-alkylaminopurines"
"VFFNZZXXTGXBOG-ZCFIWIBFSA-N","kingdom: Organic compounds; superclass: Organic acids and derivatives; class: Carboxylic acids and derivatives; subclass: Amino acids, peptides, and analogues; level 5: Amino acids and derivatives; level 6: Alpha amino acids and derivatives; level 7: N-acyl-alpha amino acids and derivatives"
"VFRROHXSMXFLSN-UHFFFAOYSA-N","kingdom: Organic compounds; superclass: Organic oxygen compounds; class: Organooxygen compounds; subclass: Carbohydrates and carbohydrate conjugates; level 5: Monosaccharides; level 6: Monosaccharide phosphates"
"VNOYUJKHFWYWIR-ITIYDSSPSA-I","kingdom: Organic compounds; superclass: Lipids and lipid-like molecules; class: Fatty Acyls; subclass: Fatty acyl thioesters; level 5: Acyl CoAs"
"VVIUBCNYACGLLV-UHFFFAOYSA-N","kingdom: Organic compounds; superclass: Organic acids and derivatives; class: Sulfinic acids and derivatives; subclass: Sulfinic acids; kingdom: Organic compounds; superclass: Organic acids and derivatives; class: Sulfinic acids and derivatives; subclass: Sulfinic acids"
"VWWQXMAJTJZDQX-UYBVJOGSSA-N","kingdom: Organic compounds; superclass: Nucleosides, nucleotides, and analogues; class: Flavin nucleotides"
"VZCYOOQTPOCHFL-OWOJBTEDSA-N","kingdom: Organic compounds; superclass: Organic acids and derivatives; class: Carboxylic acids and derivatives; subclass: Dicarboxylic acids and derivatives"
"VZFRNCSOCOPNDB-AOKDLOFSSA-N","kingdom: Organic compounds; superclass: Organic acids and derivatives; class: Carboxylic acids and derivatives; subclass: Amino acids, peptides, and analogues; level 5: Amino acids and derivatives; level 6: Kainoids"
"VZXPDPZARILFQX-BYPYZUCNSA-N","kingdom: Organic compounds; superclass: Organic acids and derivatives; class: Carboxylic acids and derivatives; subclass: Amino acids, peptides, and analogues; level 5: Amino acids and derivatives; level 6: Alpha amino acids and derivatives; level 7: Alpha amino acids; level 8: L-alpha-amino acids"
"WBYWAXJHAXSJNI-VOTSOKGWSA-N","kingdom: Organic compounds; superclass: Phenylpropanoids and polyketides; class: Cinnamic acids and derivatives; subclass: Cinnamic acids"
"WHUUTDBJXJRKMK-VKHMYHEASA-N","kingdom: Organic compounds; superclass: Organic acids and derivatives; class: Carboxylic acids and derivatives; subclass: Amino acids, peptides, and analogues; level 5: Amino acids and derivatives; level 6: Alpha amino acids and derivatives; level 7: Glutamic acid and derivatives"
"WKOLLVMJNQIZCI-UHFFFAOYSA-N","kingdom: Organic compounds; superclass: Benzenoids; class: Benzene and substituted derivatives; subclass: Benzoic acids and derivatives; level 5: Methoxybenzoic acids and derivatives; level 6: M-methoxybenzoic acids and derivatives"
"WOMAZEJKVZLLFE-UHFFFAOYSA-N","kingdom: Organic compounds; superclass: Organic acids and derivatives; class: Carboxylic acids and derivatives; subclass: Amino acids, peptides, and analogues; level 5: Amino acids and derivatives; level 6: Alpha amino acids and derivatives; level 7: N-acyl-alpha amino acids and derivatives; level 8: N-acyl-alpha amino acids"
"WPSSBBPLVMTKRN-UHFFFAOYSA-N","kingdom: Organic compounds; superclass: Organic acids and derivatives; class: Carboxylic acids and derivatives; subclass: Amino acids, peptides, and analogues; level 5: Amino acids and derivatives; level 6: Alpha amino acids and derivatives; level 7: N-acyl-alpha amino acids and derivatives; level 8: N-acyl-alpha amino acids"
"WQXNXVUDBPYKBA-YFKPBYRVSA-N","kingdom: Organic compounds; superclass: Organic acids and derivatives; class: Carboxylic acids and derivatives; subclass: Amino acids, peptides, and analogues; level 5: Amino acids and derivatives; level 6: Alpha amino acids and derivatives; level 7: Alpha amino acids; level 8: L-alpha-amino acids; kingdom: Organic compounds; superclass: Organic acids and derivatives; class: Carboxylic acids and derivatives; subclass: Amino acids, peptides, and analogues; level 5: Amino acids and derivatives; level 6: Alpha amino acids and derivatives; level 7: Alpha amino acids; level 8: L-alpha-amino acids"
"WTJKGGKOPKCXLL-VYOBOKEXSA-N","kingdom: Organic compounds; superclass: Lipids and lipid-like molecules; class: Glycerophospholipids; subclass: Glycerophosphocholines; level 5: Phosphatidylcholines; kingdom: Organic compounds; superclass: Lipids and lipid-like molecules; class: Glycerophospholipids; subclass: Glycerophosphocholines; level 5: Phosphatidylcholines"
"WUUGFSXJNOTRMR-IOSLPCCCSA-N","kingdom: Organic compounds; superclass: Nucleosides, nucleotides, and analogues; class: 5'-deoxyribonucleosides; subclass: 5'-deoxy-5'-thionucleosides"
"WWNNZCOKKKDOPX-UHFFFAOYSA-N","kingdom: Organic compounds; superclass: Alkaloids and derivatives"
"WXCQAWGXWVRCGP-UHFFFAOYSA-N","kingdom: Organic compounds; superclass: Organic acids and derivatives; class: Organic sulfuric acids and derivatives; subclass: Sulfuric acid esters; level 5: Sulfuric acid monoesters; kingdom: Organic compounds; superclass: Organic acids and derivatives; class: Organic sulfuric acids and derivatives; subclass: Sulfuric acid esters; level 5: Sulfuric acid monoesters"
"WXTMDXOMEHJXQO-UHFFFAOYSA-N","kingdom: Organic compounds; superclass: Benzenoids; class: Benzene and substituted derivatives; subclass: Benzoic acids and derivatives; level 5: Hydroxybenzoic acid derivatives"
"XGILAAMKEQUXLS-UHFFFAOYSA-N","kingdom: Organic compounds; superclass: Organoheterocyclic compounds; class: Indoles and derivatives; subclass: Indolyl carboxylic acids and derivatives"
"XHHOHZPNYFQJKL-UHFFFAOYSA-N","kingdom: Organic compounds; superclass: Organic acids and derivatives; class: Carboxylic acids and derivatives; subclass: Amino acids, peptides, and analogues; level 5: Peptides; level 6: Dipeptides; kingdom: Organic compounds; superclass: Organic acids and derivatives; class: Carboxylic acids and derivatives; subclass: Amino acids, peptides, and analogues; level 5: Peptides; level 6: Dipeptides"
"XKMLYUALXHKNFT-UUOKFMHZSA-N","kingdom: Organic compounds; superclass: Nucleosides, nucleotides, and analogues; class: Purine nucleotides; subclass: Purine ribonucleotides; level 5: Purine ribonucleoside triphosphates"
"XOAAWQZATWQOTB-UHFFFAOYSA-N","kingdom: Organic compounds; superclass: Organic acids and derivatives; class: Organic sulfonic acids and derivatives; subclass: Organosulfonic acids and derivatives; level 5: Organosulfonic acids; kingdom: Organic compounds; superclass: Organic acids and derivatives; class: Organic sulfonic acids and derivatives; subclass: Organosulfonic acids and derivatives; level 5: Organosulfonic acids"
"XOGTZOOQQBDUSI-UHFFFAOYSA-M","kingdom: Organic compounds; superclass: Organic acids and derivatives; class: Organic sulfonic acids and derivatives; subclass: Organosulfonic acids and derivatives; level 5: Organosulfonic acids"
"XROYFEWIXXCPAW-BRFYHDHCSA-N","kingdom: Organic compounds; superclass: Lipids and lipid-like molecules; class: Fatty Acyls; subclass: Fatty acid esters; level 5: Acyl carnitines"
"XSQUKJJJFZCRTK-UHFFFAOYSA-N","kingdom: Organic compounds; superclass: Organic acids and derivatives; class: Organic carbonic acids and derivatives; subclass: Ureas"
"XTWYTFMLZFPYCI-KQYNXXCUSA-N","kingdom: Organic compounds; superclass: Nucleosides, nucleotides, and analogues; class: Purine nucleotides; subclass: Purine ribonucleotides; level 5: Purine ribonucleoside diphosphates"
"XUJNEKJLAYXESH-REOHCLBHSA-N","kingdom: Organic compounds; superclass: Organic acids and derivatives; class: Carboxylic acids and derivatives; subclass: Amino acids, peptides, and analogues; level 5: Amino acids and derivatives; level 6: Alpha amino acids and derivatives; level 7: Cysteine and derivatives"
"XVOYSCVBGLVSOL-REOHCLBHSA-N","kingdom: Organic compounds; superclass: Organic acids and derivatives; class: Carboxylic acids and derivatives; subclass: Amino acids, peptides, and analogues; level 5: Amino acids and derivatives; level 6: Alpha amino acids and derivatives; level 7: Alpha amino acids; level 8: L-alpha-amino acids"
"XXFACTAYGKKOQB-ZETCQYMHSA-N","kingdom: Organic compounds; superclass: Organoheterocyclic compounds; class: Imidazopyrimidines; subclass: Purines and purine derivatives; level 5: 6-aminopurines; level 6: 6-alkylaminopurines"
"YACKEPLHDIMKIO-UHFFFAOYSA-N","kingdom: Organic compounds; superclass: Organic acids and derivatives; class: Organic phosphonic acids and derivatives; subclass: Organic phosphonic acids"
"YBJHBAHKTGYVGT-ZKWXMUAHSA-N","kingdom: Organic compounds; superclass: Organoheterocyclic compounds; class: Biotin and derivatives"
"YGPSJZOEDVAXAB-QMMMGPOBSA-N","kingdom: Organic compounds; superclass: Organic oxygen compounds; class: Organooxygen compounds; subclass: Carbonyl compounds; level 5: Ketones; level 6: Aryl ketones; level 7: Phenylketones; level 8: Alkyl-phenylketones; kingdom: Organic compounds; superclass: Organic oxygen compounds; class: Organooxygen compounds; subclass: Carbonyl compounds; level 5: Ketones; level 6: Aryl ketones; level 7: Phenylketones; level 8: Alkyl-phenylketones"
"YGSDEFSMJLZEOE-UHFFFAOYSA-N","kingdom: Organic compounds; superclass: Benzenoids; class: Benzene and substituted derivatives; subclass: Benzoic acids and derivatives; level 5: Hydroxybenzoic acid derivatives; level 6: Salicylic acid and derivatives; level 7: Salicylic acids"
"YHHSONZFOIEMCP-UHFFFAOYSA-O","kingdom: Organic compounds; superclass: Organic nitrogen compounds; class: Organonitrogen compounds; subclass: Quaternary ammonium salts; level 5: Cholines; level 6: Phosphocholines"
"YPFUJZAAZJXMIP-GSVOUGTGSA-N","kingdom: Organic compounds; superclass: Organic acids and derivatives; class: Organic sulfonic acids and derivatives; subclass: Organosulfonic acids and derivatives; level 5: Organosulfonic acids"
"YPZRWBKMTBYPTK-BJDJZHNGSA-N","kingdom: Organic compounds; superclass: Organic acids and derivatives; class: Carboxylic acids and derivatives; subclass: Amino acids, peptides, and analogues; level 5: Peptides; kingdom: Organic compounds; superclass: Organic acids and derivatives; class: Carboxylic acids and derivatives; subclass: Amino acids, peptides, and analogues; level 5: Peptides"
"YQUVCSBJEUQKSH-UHFFFAOYSA-N","kingdom: Organic compounds; superclass: Benzenoids; class: Benzene and substituted derivatives; subclass: Benzoic acids and derivatives; level 5: Hydroxybenzoic acid derivatives"
"YRYOXRMDHALAFL-UHFFFAOYSA-N","kingdom: Organic compounds; superclass: Organic acids and derivatives; class: Carboxylic acids and derivatives; subclass: Amino acids, peptides, and analogues; level 5: Amino acids and derivatives; level 6: Alpha amino acids and derivatives; level 7: N-acyl-alpha amino acids and derivatives"
"YSMODUONRAFBET-UHNVWZDZSA-N","kingdom: Organic compounds; superclass: Organic acids and derivatives; class: Carboxylic acids and derivatives; subclass: Amino acids, peptides, and analogues; level 5: Amino acids and derivatives; level 6: Alpha amino acids and derivatives; level 7: Alpha amino acids; level 8: L-alpha-amino acids"
"YYGNTYWPHWGJRM-AAJYLUCBSA-N","kingdom: Organic compounds; superclass: Lipids and lipid-like molecules; class: Prenol lipids; subclass: Triterpenoids; kingdom: Organic compounds; superclass: Lipids and lipid-like molecules; class: Prenol lipids; subclass: Triterpenoids"
"YZXBAPSDXZZRGB-DOFZRALJSA-N","kingdom: Organic compounds; superclass: Lipids and lipid-like molecules; class: Fatty Acyls; subclass: Fatty acids and conjugates; level 5: Long-chain fatty acids; kingdom: Organic compounds; superclass: Lipids and lipid-like molecules; class: Fatty Acyls; subclass: Fatty acids and conjugates; level 5: Long-chain fatty acids"
"ZDXPYRJPNDTMRX-VKHMYHEASA-N","kingdom: Organic compounds; superclass: Organic acids and derivatives; class: Carboxylic acids and derivatives; subclass: Amino acids, peptides, and analogues; level 5: Amino acids and derivatives; level 6: Alpha amino acids and derivatives; level 7: Alpha amino acids; level 8: L-alpha-amino acids"
"ZJFKKPDLNLCPNP-QMMMGPOBSA-N","kingdom: Organic compounds; superclass: Organic acids and derivatives; class: Carboxylic acids and derivatives; subclass: Amino acids, peptides, and analogues; level 5: Amino acids and derivatives; level 6: Alpha amino acids and derivatives; level 7: N-acyl-alpha amino acids and derivatives"
"ZJUKTBDSGOFHSH-WFMPWKQPSA-N","kingdom: Organic compounds; superclass: Nucleosides, nucleotides, and analogues; class: 5'-deoxyribonucleosides; subclass: 5'-deoxy-5'-thionucleosides; kingdom: Organic compounds; superclass: Nucleosides, nucleotides, and analogues; class: 5'-deoxyribonucleosides; subclass: 5'-deoxy-5'-thionucleosides"
"ZKHQWZAMYRWXGA-KQYNXXCUSA-N","kingdom: Organic compounds; superclass: Nucleosides, nucleotides, and analogues; class: Purine nucleotides; subclass: Purine ribonucleotides; level 5: Purine ribonucleoside triphosphates"
"ZOAMBXDOGPRZLP-UHFFFAOYSA-N","kingdom: Organic compounds; superclass: Organoheterocyclic compounds; class: Indoles and derivatives; subclass: Indoles; level 5: 3-alkylindoles"
"ZOOGRGPOEVQQDX-UUOKFMHZSA-M","kingdom: Organic compounds; superclass: Nucleosides, nucleotides, and analogues; class: Purine nucleotides; subclass: Cyclic purine nucleotides; level 5: 3',5'-cyclic purine nucleotides"
"ZQAYHOXXVBVXPZ-UHFFFAOYSA-N","kingdom: Organic compounds; superclass: Organic acids and derivatives; class: Carboxylic acids and derivatives; subclass: Amino acids, peptides, and analogues; level 5: Amino acids and derivatives; level 6: Alpha amino acids and derivatives; level 7: N-acyl-alpha amino acids and derivatives"
"ZSLZBFCDCINBPY-ZSJPKINUSA-N","kingdom: Organic compounds; superclass: Lipids and lipid-like molecules; class: Fatty Acyls; subclass: Fatty acyl thioesters; level 5: Acyl CoAs"
"ZTVZLYBCZNMWCF-WDSKDSINSA-N","kingdom: Organic compounds; superclass: Organic acids and derivatives; class: Carboxylic acids and derivatives; subclass: Amino acids, peptides, and analogues; level 5: Amino acids and derivatives; level 6: Alpha amino acids and derivatives; level 7: Alpha amino acids; level 8: L-alpha-amino acids"
"ZUKPVRWZDMRIEO-VKHMYHEASA-N","kingdom: Organic compounds; superclass: Organic acids and derivatives; class: Carboxylic acids and derivatives; subclass: Amino acids, peptides, and analogues; level 5: Peptides; level 6: Dipeptides; kingdom: Organic compounds; superclass: Organic acids and derivatives; class: Carboxylic acids and derivatives; subclass: Amino acids, peptides, and analogues; level 5: Peptides; level 6: Dipeptides"
"ZUNBITIXDCPNSD-LSRJEVITSA-N","kingdom: Organic compounds; superclass: Nucleosides, nucleotides, and analogues; class: 5'-deoxyribonucleosides; subclass: 5'-deoxy-5'-thionucleosides"
