"PubChem_Code","Compound.Name","PubChem_Formula","InChI_Key_Code","Canon_SMILES_Code","IUPAC_Code"
5862,"L-Cysteine","C3H7NO2S","XUJNEKJLAYXESH-REOHCLBHSA-N","C(C(C(=O)O)N)S","(2R)-2-amino-3-sulfanylpropanoic acid"
67678,"L-Cystine","C6H12N2O4S2","LEVWYRKDKASIDU-IMJSIDKUSA-N","C(C(C(=O)O)N)SSCC(C(=O)O)N","(2R)-2-amino-3-[[(2R)-2-amino-2-carboxyethyl]disulfanyl]propanoic acid"
750,"Glycine","C2H5NO2","DHMQDGOQFOQNFH-UHFFFAOYSA-N","C(C(=O)O)N","2-aminoacetic acid"
161166,"L-Kynurenine","C10H12N2O3","YGPSJZOEDVAXAB-QMMMGPOBSA-N","C1=CC=C(C(=C1)C(=O)CC(C(=O)O)N)N","(2S)-2-amino-4-(2-aminophenyl)-4-oxobutanoic acid"
5810,"Hydroxyproline","C5H9NO3","PMMYEEVYMWASQN-DMTCNVIQSA-N","C1C(CNC1C(=O)O)O","(2S,4R)-4-hydroxypyrrolidine-2-carboxylic acid"
34755,"S-Adenosylmethionine","C15H22N6O5S","MEFKEPWMEQBLKI-AIRLBKTGSA-N","C[S+](CCC(C(=O)[O-])N)CC1C(C(C(O1)N2C=NC3=C(N=CN=C32)N)O)O","(2S)-2-amino-4-[[(2S,3S,4R,5R)-5-(6-aminopurin-9-yl)-3,4-dihydroxyoxolan-2-yl]methyl-methylsulfonio]butanoate"
439258,"L-Cystathionine","C7H14N2O4S","ILRYLPWNYFXEMH-WHFBIAKZSA-N","C(CSCC(C(=O)O)N)C(C(=O)O)N","(2S)-2-amino-4-[(2R)-2-amino-2-carboxyethyl]sulfanylbutanoic acid"
91552,"L-Homocysteine","C4H9NO2S","FFFHZYDWPBMWHY-VKHMYHEASA-N","C(CS)C(C(=O)O)N","(2S)-2-amino-4-sulfanylbutanoic acid"
8742,"Shikimic acid","C7H10O5","JXOHGGNKMLTUBP-HSUXUTPPSA-N","C1C(C(C(C=C1C(=O)O)O)O)O","(3R,4S,5R)-3,4,5-trihydroxycyclohexene-1-carboxylic acid"
338,"Salicylic acid","C7H6O3","YGSDEFSMJLZEOE-UHFFFAOYSA-N","C1=CC=C(C(=C1)C(=O)O)O","2-hydroxybenzoic acid"
124886,"Glutathione","C10H17N3O6S","RWSXRVCMGQZWBV-WDSKDSINSA-N","C(CC(=O)NC(CS)C(=O)NCC(=O)O)C(C(=O)O)N","(2S)-2-amino-5-[[(2R)-1-(carboxymethylamino)-1-oxo-3-sulfanylpropan-2-yl]amino]-5-oxopentanoic acid"
7427,"Trehalose","C12H22O11","HDTRYLNUVZCQOY-LIZSDCNHSA-N","C(C1C(C(C(C(O1)OC2C(C(C(C(O2)CO)O)O)O)O)O)O)O","(2R,3S,4S,5R,6R)-2-(hydroxymethyl)-6-[(2R,3R,4S,5S,6R)-3,4,5-trihydroxy-6-(hydroxymethyl)oxan-2-yl]oxyoxane-3,4,5-triol"
668,"Dihydroxyacetone phosphate","C3H7O6P","GNGACRATGGDKBX-UHFFFAOYSA-N","C(C(=O)COP(=O)(O)O)O","(3-hydroxy-2-oxopropyl) dihydrogen phosphate"
92153,"Acetoacetyl-CoA","C25H40N7O18P3S","OJFDKHTZOUZBOS-CITAKDKDSA-N","CC(=O)CC(=O)SCCNC(=O)CCNC(=O)C(C(C)(C)COP(=O)(O)OP(=O)(O)OCC1C(C(C(O1)N2C=NC3=C(N=CN=C32)N)O)OP(=O)(O)O)O","S-[2-[3-[[(2R)-4-[[[(2R,3S,4R,5R)-5-(6-aminopurin-9-yl)-4-hydroxy-3-phosphonooxyoxolan-2-yl]methoxy-hydroxyphosphoryl]oxy-hydroxyphosphoryl]oxy-2-hydroxy-3,3-dimethylbutanoyl]amino]propanoylamino]ethyl] 3-oxobutanethioate"
5497143,"Crotonoyl-CoA","C25H40N7O17P3S","KFWWCMJSYSSPSK-PAXLJYGASA-N","CC=CC(=O)SCCNC(=O)CCNC(=O)C(C(C)(C)COP(=O)(O)OP(=O)(O)OCC1C(C(C(O1)N2C=NC3=C(N=CN=C32)N)O)OP(=O)(O)O)O","S-[2-[3-[[(2R)-4-[[[(2R,3S,4R,5R)-5-(6-aminopurin-9-yl)-4-hydroxy-3-phosphonooxyoxolan-2-yl]methoxy-hydroxyphosphoryl]oxy-hydroxyphosphoryl]oxy-2-hydroxy-3,3-dimethylbutanoyl]amino]propanoylamino]ethyl] (E)-but-2-enethioate"
439419,"(S)-3-Hydroxybutyryl-CoA","C25H42N7O18P3S","QHHKKMYHDBRONY-BEVJUKKNSA-N","CC(CC(=O)SCCNC(=O)CCNC(=O)C(C(C)(C)COP(=O)(O)OP(=O)(O)OCC1C(C(C(O1)N2C=NC3=C(N=CN=C32)N)O)OP(=O)(O)O)O)O","S-[2-[3-[[4-[[[(2R,3S,4R,5R)-5-(6-aminopurin-9-yl)-4-hydroxy-3-phosphonooxyoxolan-2-yl]methoxy-hydroxyphosphoryl]oxy-hydroxyphosphoryl]oxy-2-hydroxy-3,3-dimethylbutanoyl]amino]propanoylamino]ethyl] (3S)-3-hydroxybutanethioate"
644066,"Malonyl-CoA","C24H38N7O19P3S","LTYOQGRJFJAKNA-DVVLENMVSA-N","CC(C)(COP(=O)(O)OP(=O)(O)OCC1C(C(C(O1)N2C=NC3=C(N=CN=C32)N)O)OP(=O)(O)O)C(C(=O)NCCC(=O)NCCSC(=O)CC(=O)O)O","3-[2-[3-[[(2R)-4-[[[(2R,3S,4R,5R)-5-(6-aminopurin-9-yl)-4-hydroxy-3-phosphonooxyoxolan-2-yl]methoxy-hydroxyphosphoryl]oxy-hydroxyphosphoryl]oxy-2-hydroxy-3,3-dimethylbutanoyl]amino]propanoylamino]ethylsulfanyl]-3-oxopropanoic acid"
92753,"Propionyl-CoA","C24H40N7O17P3S","QAQREVBBADEHPA-IEXPHMLFSA-N","CCC(=O)SCCNC(=O)CCNC(=O)C(C(C)(C)COP(=O)(O)OP(=O)(O)OCC1C(C(C(O1)N2C=NC3=C(N=CN=C32)N)O)OP(=O)(O)O)O","S-[2-[3-[[(2R)-4-[[[(2R,3S,4R,5R)-5-(6-aminopurin-9-yl)-4-hydroxy-3-phosphonooxyoxolan-2-yl]methoxy-hydroxyphosphoryl]oxy-hydroxyphosphoryl]oxy-2-hydroxy-3,3-dimethylbutanoyl]amino]propanoylamino]ethyl] propanethioate"
45266545,"Succinyl-CoA","C25H35N7O19P3S-5","VNOYUJKHFWYWIR-ITIYDSSPSA-I","CC(C)(COP(=O)([O-])OP(=O)([O-])OCC1C(C(C(O1)N2C=NC3=C(N=CN=C32)N)O)OP(=O)([O-])[O-])C(C(=O)NCCC(=O)NCCSC(=O)CCC(=O)[O-])O","4-[2-[3-[[(2R)-4-[[[(2R,3S,4R,5R)-5-(6-aminopurin-9-yl)-4-hydroxy-3-phosphonatooxyoxolan-2-yl]methoxy-oxidophosphoryl]oxy-oxidophosphoryl]oxy-2-hydroxy-3,3-dimethylbutanoyl]amino]propanoylamino]ethylsulfanyl]-4-oxobutanoate"
6083,"Adenosine monophosphate","C10H14N5O7P","UDMBCSSLTHHNCD-KQYNXXCUSA-N","C1=NC(=C2C(=N1)N(C=N2)C3C(C(C(O3)COP(=O)(O)O)O)O)N","[(2R,3S,4R,5R)-5-(6-aminopurin-9-yl)-3,4-dihydroxyoxolan-2-yl]methyl dihydrogen phosphate"
1088,"Sarcosine","C3H7NO2","FSYKKLYZXJSNPZ-UHFFFAOYSA-N","CNCC(=O)O","2-(methylamino)acetic acid"
3469,"2,5-Dihydroxybenzoic acid","C7H6O4","WXTMDXOMEHJXQO-UHFFFAOYSA-N","C1=CC(=C(C=C1O)C(=O)O)O","2,5-dihydroxybenzoic acid"
439579,"L-Homocystine","C8H16N2O4S2","ZTVZLYBCZNMWCF-WDSKDSINSA-N","C(CSSCCC(C(=O)O)N)C(C(=O)O)N","(2S)-2-amino-4-[[(3S)-3-amino-3-carboxypropyl]disulfanyl]butanoic acid"
11427,"2-Hydroxy-4-(methylthio)butyric acid","C5H10O3S","ONFOSYPQQXJWGS-UHFFFAOYSA-N","CSCCC(C(=O)O)O","2-hydroxy-4-methylsulfanylbutanoic acid"
288,"Carnitine","C7H15NO3","PHIQHXFUZVPYII-UHFFFAOYSA-N","C[N+](C)(C)CC(CC(=O)[O-])O","3-hydroxy-4-(trimethylazaniumyl)butanoate"
9750,"Citrulline","C6H13N3O3","RHGKLRLOHDJJDR-BYPYZUCNSA-N","C(CC(C(=O)O)N)CNC(=O)N","(2S)-2-amino-5-(carbamoylamino)pentanoic acid"
134505,"Homocysteine thiolactone","C4H7NOS","KIWQWJKWBHZMDT-VKHMYHEASA-N","C1CSC(=O)C1N","(3S)-3-aminothiolan-2-one"
12647,"L-Homoserine","C4H9NO3","UKAUYVFTDYCKQA-VKHMYHEASA-N","C(CO)C(C(=O)O)N","(2S)-2-amino-4-hydroxybutanoic acid"
92832,"N6-Acetyl-L-lysine","C8H16N2O3","DTERQYGMUDWYAZ-ZETCQYMHSA-N","CC(=O)NCCCCC(C(=O)O)N","(2S)-6-acetamido-2-aminohexanoic acid"
6262,"L-Ornithine","C5H12N2O2","AHLPHDHHMVZTML-BYPYZUCNSA-N","C(CC(C(=O)O)N)CN","(2S)-2,5-diaminopentanoic acid"
5988,"Sucrose","C12H22O11","CZMRCDWAGMRECN-UGDNZRGBSA-N","C(C1C(C(C(C(O1)OC2(C(C(C(O2)CO)O)O)CO)O)O)O)O","(2R,3R,4S,5S,6R)-2-[(2S,3S,4S,5R)-3,4-dihydroxy-2,5-bis(hydroxymethyl)oxolan-2-yl]oxy-6-(hydroxymethyl)oxane-3,4,5-triol"
5570,"Trigonelline","C7H7NO2","WWNNZCOKKKDOPX-UHFFFAOYSA-N","C[N+]1=CC=CC(=C1)C(=O)[O-]","1-methylpyridin-1-ium-3-carboxylate"
439756,"O-Acetylcarnitine","C9H18NO4+","RDHQFKQIGNGIED-MRVPVSSYSA-O","CC(=O)OC(CC(=O)O)C[N+](C)(C)C","[(2R)-2-acetyloxy-3-carboxypropyl]-trimethylazanium"
446495,"Maltotetraose","C24H42O21","LUEWUZLMQUOBSB-ZLBHSGTGSA-N","C(C1C(C(C(C(O1)OC2C(OC(C(C2O)O)OC3C(OC(C(C3O)O)OC4C(OC(C(C4O)O)O)CO)CO)CO)O)O)O)O","(2R,3R,4S,5S,6R)-2-[(2R,3S,4R,5R,6R)-6-[(2R,3S,4R,5R,6R)-4,5-dihydroxy-2-(hydroxymethyl)-6-[(2R,3S,4R,5R,6S)-4,5,6-trihydroxy-2-(hydroxymethyl)oxan-3-yl]oxyoxan-3-yl]oxy-4,5-dihydroxy-2-(hydroxymethyl)oxan-3-yl]oxy-6-(hydroxymethyl)oxane-3,4,5-triol"
192826,"Maltotriose","C18H32O16","FYGDTMLNYKFZSV-PXXRMHSHSA-N","C(C1C(C(C(C(O1)OC2C(OC(C(C2O)O)OC3C(OC(C(C3O)O)O)CO)CO)O)O)O)O","(2R,3R,4S,5S,6R)-2-[(2R,3S,4R,5R,6R)-4,5-dihydroxy-2-(hydroxymethyl)-6-[(2R,3S,4R,5R,6S)-4,5,6-trihydroxy-2-(hydroxymethyl)oxan-3-yl]oxyoxan-3-yl]oxy-6-(hydroxymethyl)oxane-3,4,5-triol"
213144,"Butyrylcarnitine","C11H21NO4","QWYFHHGCZUCMBN-SECBINFHSA-N","CCCC(=O)OC(CC(=O)[O-])C[N+](C)(C)C","(3R)-3-butanoyloxy-4-(trimethylazaniumyl)butanoate"
7018721,"Ophthalmic acid","C11H19N3O6","JCMUOFQHZLPHQP-BQBZGAKWSA-N","CCC(C(=O)NCC(=O)O)NC(=O)CCC(C(=O)O)N","(2S)-2-amino-5-[[(2S)-1-(carboxymethylamino)-1-oxobutan-2-yl]amino]-5-oxopentanoic acid"
1146,"Trimethylamine","C3H9N","GETQZCLCWQTVFV-UHFFFAOYSA-N","CN(C)C","N,N-dimethylmethanamine"
6560290,"Turicine","C7H13NO3","MUNWAHDYFVYIKH-PHDIDXHHSA-N","C[N+]1(CC(CC1C(=O)[O-])O)C","(2R,4R)-4-hydroxy-1,1-dimethylpyrrolidin-1-ium-2-carboxylate"
8479,"Sulfanilic acid","C6H7NO3S","HVBSAKJJOYLTQU-UHFFFAOYSA-N","C1=CC(=CC=C1N)S(=O)(=O)O","4-aminobenzenesulfonic acid"
736715,"Urocanic acid","C6H6N2O2","LOIYMIARKYCTBW-OWOJBTEDSA-N","C1=C(NC=N1)C=CC(=O)O","(E)-3-(1H-imidazol-5-yl)prop-2-enoic acid"
239,"beta-Alanine","C3H7NO2","UCMIRNVEIXFBKS-UHFFFAOYSA-N","C(CN)C(=O)O","3-aminopropanoic acid"
7955,"Melamine","C3H6N6","JDSHMPZPIAZGSV-UHFFFAOYSA-N","C1(=NC(=NC(=N1)N)N)N","1,3,5-triazine-2,4,6-triamine"
439341,"Maltose","C12H22O11","GUBGYTABKSRVRQ-ASMJPISFSA-N","C(C1C(C(C(C(O1)OC2C(OC(C(C2O)O)O)CO)O)O)O)O","(2R,3S,4S,5R,6R)-2-(hydroxymethyl)-6-[(2R,3S,4R,5R,6S)-4,5,6-trihydroxy-2-(hydroxymethyl)oxan-3-yl]oxyoxane-3,4,5-triol"
164642,"Betonicine","C7H13NO3","MUNWAHDYFVYIKH-RITPCOANSA-N","C[N+]1(CC(CC1C(=O)[O-])O)C","(2S,4R)-4-hydroxy-1,1-dimethylpyrrolidin-1-ium-2-carboxylate"
91825610,"O-Methylmalonyl-L-carnitine","C11H19NO6","XROYFEWIXXCPAW-BRFYHDHCSA-N","CC(C(=O)O)C(=O)OC(CC(=O)[O-])C[N+](C)(C)C","(3R)-3-(2-carboxypropanoyloxy)-4-(trimethylazaniumyl)butanoate"
1112,"Succinic semialdehyde","C4H6O3","UIUJIQZEACWQSV-UHFFFAOYSA-N","C(CC(=O)O)C=O","4-oxobutanoic acid"
47364,"Arsenobetaine","C5H11AsO2","SPTHHTGLGVZZRH-UHFFFAOYSA-N","C[As+](C)(C)CC(=O)[O-]","2-trimethylarsoniumylacetate"
131204,"Dexpanthenol","C9H19NO4","SNPLKNRPJHDVJA-ZETCQYMHSA-N","CC(C)(CO)C(C(=O)NCCCO)O","(2R)-2,4-dihydroxy-N-(3-hydroxypropyl)-3,3-dimethylbutanamide"
135398641,"Inosine","C10H12N4O5","UGQMRVRMYYASKQ-KQYNXXCUSA-N","C1=NC2=C(C(=O)N1)N=CN2C3C(C(C(O3)CO)O)O","9-[(2R,3R,4S,5R)-3,4-dihydroxy-5-(hydroxymethyl)oxolan-2-yl]-1H-purin-6-one"
68313,"Hordenine","C10H15NO","KUBCEEMXQZUPDQ-UHFFFAOYSA-N","CN(C)CCC1=CC=C(C=C1)O","4-[2-(dimethylamino)ethyl]phenol"
135401907,"Allopurinol","C5H4N4O","OFCNXPDARWKPPY-UHFFFAOYSA-N","C1=NNC2=C1C(=O)NC=N2","1,5-dihydropyrazolo[3,4-d]pyrimidin-4-one"
187,"Acetylcholine","C7H16NO2+","OIPILFWXSMYKGL-UHFFFAOYSA-N","CC(=O)OCC[N+](C)(C)C","2-acetyloxyethyl(trimethyl)azanium"
1549098,"L-Cysteinesulfinic acid","C3H7NO4S","ADVPTQAUNPRNPO-REOHCLBHSA-N","C(C(C(=O)O)N)S(=O)O","(2R)-2-amino-3-sulfinopropanoic acid"
440120,"N6,N6,N6-Trimethyl-L-lysine","C9H20N2O2","MXNRLFUSFKVQSK-QMMMGPOBSA-N","C[N+](C)(C)CCCCC(C(=O)[O-])N","(2S)-2-amino-6-(trimethylazaniumyl)hexanoate"
65040,"5-Methylcytosine","C5H7N3O","LRSASMSXMSNRBT-UHFFFAOYSA-N","CC1=C(NC(=O)N=C1)N","6-amino-5-methyl-1H-pyrimidin-2-one"
439224,"Carnosine","C9H14N4O3","CQOVPNPJLQNMDC-ZETCQYMHSA-N","C1=C(NC=N1)CC(C(=O)O)NC(=O)CCN","(2S)-2-(3-aminopropanoylamino)-3-(1H-imidazol-5-yl)propanoic acid"
112072,"Anserine","C10H16N4O3","MYYIAHXIVFADCU-QMMMGPOBSA-N","CN1C=NC=C1CC(C(=O)O)NC(=O)CCN","(2S)-2-(3-aminopropanoylamino)-3-(3-methylimidazol-4-yl)propanoic acid"
135398638,"Hypoxanthine","C5H4N4O","FDGQSTZJBFJUBT-UHFFFAOYSA-N","C1=NC2=C(N1)C(=O)NC=N2","1,7-dihydropurin-6-one"
151152,"Threonic acid","C4H8O5","JPIJQSOTBSSVTP-GBXIJSLDSA-N","C(C(C(C(=O)O)O)O)O","(2S,3R)-2,3,4-trihydroxybutanoic acid"
14954082,"Succinylglycine","C6H9NO5","HQESMQVYRAJTEA-UHFFFAOYSA-N","C(CC(=O)O)C(=O)NCC(=O)O","4-(carboxymethylamino)-4-oxobutanoic acid"
5351619,"Ergothioneine","C9H15N3O2S","SSISHJJTAXXQAX-ZETCQYMHSA-N","C[N+](C)(C)C(CC1=CNC(=S)N1)C(=O)[O-]","(2S)-3-(2-sulfanylidene-1,3-dihydroimidazol-4-yl)-2-(trimethylazaniumyl)propanoate"
558649,"Glutamylphenylalanine","C14H18N2O5","XHHOHZPNYFQJKL-UHFFFAOYSA-N","C1=CC=C(C=C1)CC(C(=O)O)NC(=O)CCC(C(=O)O)N","2-amino-5-[(1-carboxy-2-phenylethyl)amino]-5-oxopentanoic acid"
70914,"N-Acetyl-L-glutamic acid","C7H11NO5","RFMMMVDNIPUKGG-YFKPBYRVSA-N","CC(=O)NC(CCC(=O)O)C(=O)O","(2S)-2-acetamidopentanedioic acid"
190,"Adenine","C5H5N5","GFFGJBXGBJISGV-UHFFFAOYSA-N","C1=NC2=NC=NC(=C2N1)N","7H-purin-6-amine"
597,"Cytosine","C4H5N3O","OPTASPLRGRRNAP-UHFFFAOYSA-N","C1=C(NC(=O)N=C1)N","6-amino-1H-pyrimidin-2-one"
135398634,"Guanine","C5H5N5O","UYTPUPDQBNUYGX-UHFFFAOYSA-N","C1=NC2=C(N1)C(=O)NC(=N2)N","2-amino-1,7-dihydropurin-6-one"
1135,"Thymine","C5H6N2O2","RWQNBRDOKXIBIV-UHFFFAOYSA-N","CC1=CNC(=O)NC1=O","5-methyl-1H-pyrimidine-2,4-dione"
1174,"Uracil","C4H4N2O2","ISAKRJDGNUQOIC-UHFFFAOYSA-N","C1=CNC(=O)NC1=O","1H-pyrimidine-2,4-dione"
60961,"Adenosine","C10H13N5O4","OIRDTQYFTABQOQ-KQYNXXCUSA-N","C1=NC(=C2C(=N1)N(C=N2)C3C(C(C(O3)CO)O)O)N","(2R,3R,4S,5R)-2-(6-aminopurin-9-yl)-5-(hydroxymethyl)oxolane-3,4-diol"
6175,"Cytidine","C9H13N3O5","UHDGCWIWMRVCDJ-XVFCMESISA-N","C1=CN(C(=O)N=C1N)C2C(C(C(O2)CO)O)O","4-amino-1-[(2R,3R,4S,5R)-3,4-dihydroxy-5-(hydroxymethyl)oxolan-2-yl]pyrimidin-2-one"
135398635,"Guanosine","C10H13N5O5","NYHBQMYGNKIUIF-UUOKFMHZSA-N","C1=NC2=C(N1C3C(C(C(O3)CO)O)O)N=C(NC2=O)N","2-amino-9-[(2R,3R,4S,5R)-3,4-dihydroxy-5-(hydroxymethyl)oxolan-2-yl]-1H-purin-6-one"
5789,"Thymidine","C10H14N2O5","IQFYYKKMVGJFEH-XLPZGREQSA-N","CC1=CN(C(=O)NC1=O)C2CC(C(O2)CO)O","1-[(2R,4S,5R)-4-hydroxy-5-(hydroxymethyl)oxolan-2-yl]-5-methylpyrimidine-2,4-dione"
6029,"Uridine","C9H12N2O6","DRTQHJPVMGBUCF-XVFCMESISA-N","C1=CN(C(=O)NC1=O)C2C(C(C(O2)CO)O)O","1-[(2R,3R,4S,5R)-3,4-dihydroxy-5-(hydroxymethyl)oxolan-2-yl]pyrimidine-2,4-dione"
643757,"cis-Aconitic acid","C6H6O6","GTZCVFVGUGFEME-IWQZZHSRSA-N","C(C(=CC(=O)O)C(=O)O)C(=O)O","(Z)-prop-1-ene-1,2,3-tricarboxylic acid"
311,"Citric acid","C6H8O7","KRKNYBCHXYNGOX-UHFFFAOYSA-N","C(C(=O)O)C(CC(=O)O)(C(=O)O)O","2-hydroxypropane-1,2,3-tricarboxylic acid"
1198,"Isocitric acid","C6H8O7","ODBLHEXUDAPZAU-UHFFFAOYSA-N","C(C(C(C(=O)O)O)C(=O)O)C(=O)O","1-hydroxypropane-1,2,3-tricarboxylic acid"
525,"Malic acid","C4H6O5","BJEPYKJPYRNKOW-UHFFFAOYSA-N","C(C(C(=O)O)O)C(=O)O","2-hydroxybutanedioic acid"
444972,"Fumaric acid","C4H4O4","VZCYOOQTPOCHFL-OWOJBTEDSA-N","C(=CC(=O)O)C(=O)O","(E)-but-2-enedioic acid"
6112,"Lipoic acid","C8H14O2S2","AGBQKNBQESQNJD-SSDOTTSWSA-N","C1CSSC1CCCCC(=O)O","5-[(3R)-dithiolan-3-yl]pentanoic acid"
13818,"Methylphosphonic acid","CH5O3P","YACKEPLHDIMKIO-UHFFFAOYSA-N","CP(=O)(O)O","methylphosphonic acid"
967,"Orotic acid","C5H4N2O4","PXQPEWDEAKTCGB-UHFFFAOYSA-N","C1=C(NC(=O)NC1=O)C(=O)O","2,4-dioxo-1H-pyrimidine-6-carboxylic acid"
971,"Oxalic acid","C2H2O4","MUBZPKHOEPUJKR-UHFFFAOYSA-N","C(=O)(C(=O)O)O","oxalic acid"
1110,"Succinic acid","C4H6O4","KDYFGRWQOYBRFD-UHFFFAOYSA-N","C(CC(=O)O)C(=O)O","butanedioic acid"
586,"Creatine","C4H9N3O2","CVSVTCORWBXHQV-UHFFFAOYSA-N","CN(CC(=O)O)C(=N)N","2-[carbamimidoyl(methyl)amino]acetic acid"
126041,"Ectoine","C6H10N2O2","WQXNXVUDBPYKBA-YFKPBYRVSA-N","CC1=NCCC(N1)C(=O)O","(6S)-2-methyl-1,4,5,6-tetrahydropyrimidine-6-carboxylic acid"
3620,"Homarine","C7H7NO2","BRTLKRNVNFIOPJ-UHFFFAOYSA-N","C[N+]1=CC=CC=C1C(=O)[O-]","1-methylpyridin-1-ium-2-carboxylate"
441038,"Muramic acid","C9H17NO7","MSFSPUZXLOGKHJ-PGYHGBPZSA-N","CC(C(=O)O)OC1C(C(OC(C1O)CO)O)N","(2R)-2-[(3R,4R,5S,6R)-3-amino-2,5-dihydroxy-6-(hydroxymethyl)oxan-4-yl]oxypropanoic acid"
3712,"Indole-3-carbinol","C9H9NO","IVYPNXXAYMYVSP-UHFFFAOYSA-N","C1=CC=C2C(=C1)C(=CN2)CO","1H-indol-3-ylmethanol"
643975,"Flavin adenine dinucleotide","C27H33N9O15P2","VWWQXMAJTJZDQX-UYBVJOGSSA-N","CC1=CC2=C(C=C1C)N(C3=NC(=O)NC(=O)C3=N2)CC(C(C(COP(=O)(O)OP(=O)(O)OCC4C(C(C(O4)N5C=NC6=C(N=CN=C65)N)O)O)O)O)O","[[(2R,3S,4R,5R)-5-(6-aminopurin-9-yl)-3,4-dihydroxyoxolan-2-yl]methoxy-hydroxyphosphoryl] [(2R,3S,4S)-5-(7,8-dimethyl-2,4-dioxobenzo[g]pteridin-10-yl)-2,3,4-trihydroxypentyl] hydrogen phosphate"
754,"Glycerophosphoric acid","C3H9O6P","AWUCVROLDVIAJX-UHFFFAOYSA-N","C(C(COP(=O)(O)O)O)O","2,3-dihydroxypropyl dihydrogen phosphate"
129893609,"NADP","C21H29N7NaO17P3+","ZUXQIVQXILFYQI-QYZPTAICSA-O","C1=CC(=C[N+](=C1)C2C(C(C(O2)COP(=O)(O)OP(=O)(O)OCC3C(C(C(O3)N4C=NC5=C(N=CN=C54)N)OP(=O)(O)O)O)O)O)C(=O)N.[Na]",NA
5884,"NADPH","C21H30N7O17P3","ACFIXJIJDZMPPO-NNYOXOHSSA-N","C1C=CN(C=C1C(=O)N)C2C(C(C(O2)COP(=O)(O)OP(=O)(O)OCC3C(C(C(O3)N4C=NC5=C(N=CN=C54)N)OP(=O)(O)O)O)O)O","[[(2R,3R,4R,5R)-5-(6-aminopurin-9-yl)-3-hydroxy-4-phosphonooxyoxolan-2-yl]methoxy-hydroxyphosphoryl] [(2R,3S,4R,5R)-5-(3-carbamoyl-4H-pyridin-1-yl)-3,4-dihydroxyoxolan-2-yl]methyl hydrogen phosphate"
99058,"D-Glucose 6-phosphate","C6H13O9P","VFRROHXSMXFLSN-UHFFFAOYSA-N","C(C(C(C(C(C=O)O)O)O)O)OP(=O)(O)O","(2,3,4,5-tetrahydroxy-6-oxohexyl) dihydrogen phosphate"
724,"3-Phosphoglycerate","C3H7O7P","OSJPPGNTCRNQQC-UHFFFAOYSA-N","C(C(C(=O)O)O)OP(=O)(O)O","2-hydroxy-3-phosphonooxypropanoic acid"
20981094,"Sulfolactic acid","C3H6O6S","COMVEZIIQHBEJL-UHFFFAOYSA-N","CC(C(=O)O)(O)S(=O)(=O)O","2-hydroxy-2-sulfopropanoic acid"
72886,"L-Cysteic acid","C3H7NO5S","XVOYSCVBGLVSOL-REOHCLBHSA-N","C(C(C(=O)O)N)S(=O)(=O)O","(2R)-2-amino-3-sulfopropanoic acid"
11668,"Ethanesulfonic acid","C2H6O3S","CCIVGXIOQKPBKL-UHFFFAOYSA-N","CCS(=O)(=O)O","ethanesulfonic acid"
107812,"Hypotaurine","C2H7NO2S","VVIUBCNYACGLLV-UHFFFAOYSA-N","C(CS(=O)O)N","2-aminoethanesulfinic acid"
7882,"N-Methyltaurine","C3H9NO3S","SUZRRICLUFMAQD-UHFFFAOYSA-N","CNCCS(=O)(=O)O","2-(methylamino)ethanesulfonic acid"
31257,"Sulfoacetic acid","C2H4O5S","AGGIJOLULBJGTQ-UHFFFAOYSA-N","C(C(=O)O)S(=O)(=O)O","2-sulfoacetic acid"
1123,"Taurine","C2H7NO3S","XOAAWQZATWQOTB-UHFFFAOYSA-N","C(CS(=O)(=O)O)N","2-aminoethanesulfonic acid"
938,"Nicotinic acid","C6H5NO2","PVNIIMVLHYAWGP-UHFFFAOYSA-N","C1=CC(=CN=C1)C(=O)O","pyridine-3-carboxylic acid"
1131,"Thiamine monophosphate","C12H18N4O4PS+","HZSAJDVWZRBGIF-UHFFFAOYSA-O","CC1=C(SC=[N+]1CC2=CN=C(N=C2N)C)CCOP(=O)(O)O","2-[3-[(4-amino-2-methylpyrimidin-5-yl)methyl]-4-methyl-1,3-thiazol-3-ium-5-yl]ethyl dihydrogen phosphate"
1132,"Thiamine diphosphate","C12H19N4O7P2S+","AYEKOFBPNLCAJY-UHFFFAOYSA-O","CC1=C(SC=[N+]1CC2=CN=C(N=C2N)C)CCOP(=O)(O)OP(=O)(O)O","2-[3-[(4-amino-2-methylpyrimidin-5-yl)methyl]-4-methyl-1,3-thiazol-3-ium-5-yl]ethyl phosphono hydrogen phosphate"
305,"Choline","C5H14NO+","OEYIOHPDSNJKLS-UHFFFAOYSA-N","C[N+](C)(C)CCO","2-hydroxyethyl(trimethyl)azanium"
12912909,"Monesin","C36H62O11","GAOZTHIDHYLHMS-QVJPPVPRSA-N","CCC1(CCC(O1)C2(CCC3(O2)CC(C(C(O3)C(C)C(C(C)C(=O)O)OC)C)O)C)C4C(CC(O4)C5C(CC(C(O5)(CO)O)C)C)C","(2S,3S,4R)-4-[(2S,7S,8R,9S)-2-[(2R,5S)-5-ethyl-5-[(2R,3S,5R)-5-[(2S,3S,5R,6R)-6-hydroxy-6-(hydroxymethyl)-3,5-dimethyloxan-2-yl]-3-methyloxolan-2-yl]oxolan-2-yl]-7-hydroxy-2,8-dimethyl-1,10-dioxaspiro[4.5]decan-9-yl]-3-methoxy-2-methylpentanoic acid"
55977,"Thiotropocin","C8H4O3S2","RWJXTYSZCDAMCD-UHFFFAOYSA-N","C1=CC(=O)C2=C(C(=C1)S)SOC2=O","8-sulfanylcyclohepta[c]oxathiole-3,4-dione"
40634,"Trolox","C14H18O4","GLEVLJDDWXEYCO-UHFFFAOYSA-N","CC1=C(C2=C(CCC(O2)(C)C(=O)O)C(=C1O)C)C","6-hydroxy-2,5,7,8-tetramethyl-3,4-dihydrochromene-2-carboxylic acid"
5280489,"beta-Carotene","C40H56","OENHQHLEOONYIE-JLTXGRSLSA-N","CC1=C(C(CCC1)(C)C)C=CC(=CC=CC(=CC=CC=C(C)C=CC=C(C)C=CC2=C(CCCC2(C)C)C)C)C","1,3,3-trimethyl-2-[(1E,3E,5E,7E,9E,11E,13E,15E,17E)-3,7,12,16-tetramethyl-18-(2,6,6-trimethylcyclohexen-1-yl)octadeca-1,3,5,7,9,11,13,15,17-nonaenyl]cyclohexene"
896,"Melatonin","C13H16N2O2","DRLFMBDRBRZALE-UHFFFAOYSA-N","CC(=O)NCCC1=CNC2=C1C=C(C=C2)OC","N-[2-(5-methoxy-1H-indol-3-yl)ethyl]acetamide"
445580,"Docosahexaenoic acid","C22H32O2","MBMBGCFOFBJSGT-KUBAVDMBSA-N","CCC=CCC=CCC=CCC=CCC=CCC=CCCC(=O)O","(4Z,7Z,10Z,13Z,16Z,19Z)-docosa-4,7,10,13,16,19-hexaenoic acid"
444899,"Arachidonic acid","C20H32O2","YZXBAPSDXZZRGB-DOFZRALJSA-N","CCCCCC=CCC=CCC=CCC=CCCCC(=O)O","(5Z,8Z,11Z,14Z)-icosa-5,8,11,14-tetraenoic acid"
446284,"Eicosapentaenoic acid","C20H30O2","JAZBEHYOTPTENJ-JLNKQSITSA-N","CCC=CCC=CCC=CCC=CCC=CCCCC(=O)O","(5Z,8Z,11Z,14Z,17Z)-icosa-5,8,11,14,17-pentaenoic acid"
72,"3,4-Dihydroxybenzoic acid","C7H6O4","YQUVCSBJEUQKSH-UHFFFAOYSA-N","C1=CC(=C(C=C1C(=O)O)O)O","3,4-dihydroxybenzoic acid"
978,"4-Aminobenzoic acid","C7H7NO2","ALYNCZNDIQEVRV-UHFFFAOYSA-N","C1=CC(=CC=C1C(=O)O)N","4-aminobenzoic acid"
637775,"Sinapic acid","C11H12O5","PCMORTLOPMLEFB-ONEGZZNKSA-N","COC1=CC(=CC(=C1O)OC)C=CC(=O)O","(E)-3-(4-hydroxy-3,5-dimethoxyphenyl)prop-2-enoic acid"
8468,"Vanillic acid","C8H8O4","WKOLLVMJNQIZCI-UHFFFAOYSA-N","COC1=C(C=CC(=C1)C(=O)O)O","4-hydroxy-3-methoxybenzoic acid"
17198,"Acetosyringone","C10H12O4","OJOBTAOGJIWAGB-UHFFFAOYSA-N","CC(=O)C1=CC(=C(C(=C1)OC)O)OC","1-(4-hydroxy-3,5-dimethoxyphenyl)ethanone"
2214,"Acetovanillone","C9H10O3","DFYRUELUNQRZTB-UHFFFAOYSA-N","CC(=O)C1=CC(=C(C=C1)O)OC","1-(4-hydroxy-3-methoxyphenyl)ethanone"
689043,"Caffeic acid","C9H8O4","QAIPRVGONGVQAS-DUXPYHPUSA-N","C1=CC(=C(C=C1C=CC(=O)O)O)O","(E)-3-(3,4-dihydroxyphenyl)prop-2-enoic acid"
445858,"Ferulic acid","C10H10O4","KSEBMYQBYZTDHS-HWKANZROSA-N","COC1=C(C=CC(=C1)C=CC(=O)O)O","(E)-3-(4-hydroxy-3-methoxyphenyl)prop-2-enoic acid"
8655,"Syringaldehyde","C9H10O4","KCDXJAYRVLXPFO-UHFFFAOYSA-N","COC1=CC(=CC(=C1O)OC)C=O","4-hydroxy-3,5-dimethoxybenzaldehyde"
10742,"Syringic acid","C9H10O5","JMSVCTWVEWCHDZ-UHFFFAOYSA-N","COC1=CC(=CC(=C1O)OC)C(=O)O","4-hydroxy-3,5-dimethoxybenzoic acid"
1183,"Vanillin","C8H8O3","MWOOGOJBHIARFG-UHFFFAOYSA-N","COC1=C(C=CC(=C1)C=O)O","4-hydroxy-3-methoxybenzaldehyde"
199,"Agmatine","C5H14N4","QYPPJABKJHAVHS-UHFFFAOYSA-N","C(CCN=C(N)N)CN","2-(4-aminobutyl)guanidine"
101701200,"beta-Apo-8'-carotenal","C30H40O","DFMMVLFMMAQXHZ-IPIGPKAOSA-N","CC1=C(C(CCC1)(C)C)C=CC(=CC=CC(=CC=CC=C(C)C=CC=C(C)C=O)C)C","(2E,4E,6E,8E,10E,12E,14Z,16E)-2,6,11,15-tetramethyl-17-(2,6,6-trimethylcyclohexen-1-yl)heptadeca-2,4,6,8,10,12,14,16-octaenal"
9895,"beta-Cyclocitral","C10H16O","MOQGCGNUWBPGTQ-UHFFFAOYSA-N","CC1=C(C(CCC1)(C)C)C=O","2,6,6-trimethylcyclohexene-1-carbaldehyde"
638014,"beta-Ionone","C13H20O","PSQYTAPXSHCGMF-BQYQJAHWSA-N","CC1=C(C(CCC1)(C)C)C=CC(=O)C","(E)-4-(2,6,6-trimethylcyclohexen-1-yl)but-3-en-2-one"
73509,"Homoserine lactone","C4H7NO2","QJPWUUJVYOJNMH-UHFFFAOYSA-N","C1COC(=O)C1N","3-aminooxolan-2-one"
5497103,"1-Palmitoyl-2-oleoyl-sn-glycero-3-phosphocholine","C42H82NO8P","WTJKGGKOPKCXLL-VYOBOKEXSA-N","CCCCCCCCCCCCCCCC(=O)OCC(COP(=O)([O-])OCC[N+](C)(C)C)OC(=O)CCCCCCCC=CCCCCCCCC","[(2R)-3-hexadecanoyloxy-2-[(Z)-octadec-9-enoyl]oxypropyl] 2-(trimethylazaniumyl)ethyl phosphate"
23727969,"1-Stearoyl-2-oleoyl-sn-glycero-3-phosphoethanolamine","C41H79NO8P-","JQKOHRZNEOQNJE-VYCVAHKRSA-M","CCCCCCCCCCCCCCCCCC(=O)OCC(COP(=O)([O-])OCCN)OC(=O)CCCCCCCC=CCCCCCCCC","2-aminoethyl [(2S)-3-octadecanoyloxy-2-[(Z)-octadec-9-enoyl]oxypropyl] phosphate"
69867,"Indole-3-carboxylic acid","C9H7NO2","KMAKOBLIOCQGJP-UHFFFAOYSA-N","C1=CC=C2C(=C1)C(=CN2)C(=O)O","1H-indole-3-carboxylic acid"
3744,"3-Indolepropionic acid","C11H11NO2","GOLXRNDWAUTYKT-UHFFFAOYSA-N","C1=CC=C2C(=C1)C(=CN2)CCC(=O)O","3-(1H-indol-3-yl)propanoic acid"
351795,"3-Indoleacetonitrile","C10H8N2","DMCPFOBLJMLSNX-UHFFFAOYSA-N","C1=CC=C2C(=C1)C(=CN2)CC#N","2-(1H-indol-3-yl)acetonitrile"
5280896,"Abscisic acid","C15H20O4","JLIDBLDQVAYHNE-YKALOCIXSA-N","CC1=CC(=O)CC(C1(C=CC(=CC(=O)O)C)O)(C)C","(2Z,4E)-5-[(1S)-1-hydroxy-2,6,6-trimethyl-4-oxocyclohex-2-en-1-yl]-3-methylpenta-2,4-dienoic acid"
636970,"Camalexin","C11H8N2S","IYODIJVWGPRBGQ-UHFFFAOYSA-N","C1=CC=C2C(=C1)C(=CN2)C3=NC=CS3","2-(1H-indol-3-yl)-1,3-thiazole"
439631,"Dihydrozeatin","C10H15N5O","XXFACTAYGKKOQB-ZETCQYMHSA-N","CC(CCNC1=NC=NC2=C1NC=N2)CO","(2S)-2-methyl-4-(7H-purin-6-ylamino)butan-1-ol"
439551,"Gibberellin A3","C19H22O6","IXORZMNAPKEEDV-QTWFBFKQSA-N","CC12C(C=CC3(C1C(C45C3CCC(C4)(C(=C)C5)O)C(=O)O)OC2=O)O","(1R,2R,5S,8S,9S,10R,12S)-5,12-dihydroxy-11-methyl-6-methylidene-16-oxo-15-oxapentacyclo[9.3.2.15,8.01,10.02,8]heptadec-13-ene-9-carboxylic acid"
92109,"Gibberellin A4","C19H24O5","RSQSQJNRHICNNH-NFMPGMCNSA-N","CC12C(CCC3(C1C(C45C3CCC(C4)C(=C)C5)C(=O)O)OC2=O)O","(1R,2R,5R,8R,9S,10R,11S,12S)-12-hydroxy-11-methyl-6-methylidene-16-oxo-15-oxapentacyclo[9.3.2.15,8.01,10.02,8]heptadecane-9-carboxylic acid"
802,"Indole-3-acetic acid","C10H9NO2","SEOVTRFCIGRIMH-UHFFFAOYSA-N","C1=CC=C2C(=C1)C(=CN2)CC(=O)O","2-(1H-indol-3-yl)acetic acid"
397,"Indole-3-acetamide","C10H10N2O","ZOAMBXDOGPRZLP-UHFFFAOYSA-N","C1=CC=C2C(=C1)C(=CN2)CC(=O)N","2-(1H-indol-3-yl)acetamide"
3830,"Kinetin","C10H9N5O","QANMHLXAZMSUEX-UHFFFAOYSA-N","C1=COC(=C1)CNC2=NC=NC3=C2NC=N3","N-(furan-2-ylmethyl)-7H-purin-6-amine"
589098,"Methyl indole-3-carboxylate","C10H9NO2","QXAUTQFAWKKNLM-UHFFFAOYSA-N","COC(=O)C1=CNC2=CC=CC=C21","methyl 1H-indole-3-carboxylate"
1150,"Tryptamine","C10H12N2","APJYDQYYACXCRM-UHFFFAOYSA-N","C1=CC=C2C(=C1)C(=CN2)CCN","2-(1H-indol-3-yl)ethanamine"
10685,"Tryptophol","C10H11NO","MBBOMCVGYCRMEA-UHFFFAOYSA-N","C1=CC=C2C(=C1)C(=CN2)CCO","2-(1H-indol-3-yl)ethanol"
5283349,"2,4-Decadienal","C10H16O","JZQKTMZYLHNFPL-BLHCBFLLSA-N","CCCCCC=CC=CC=O","(2E,4E)-deca-2,4-dienal"
5283329,"2,4-Octadienal","C8H12O","DVVATNQISMINCX-YTXTXJHMSA-N","CCCC=CC=CC=O","(2E,4E)-octa-2,4-dienal"
1188,"Xanthine","C5H4N4O2","LRFVTYWOQMYALW-UHFFFAOYSA-N","C1=NC2=C(N1)C(=O)NC(=O)N2","3,7-dihydropurine-2,6-dione"
2519,"Caffeine","C8H10N4O2","RYYVLZVUVIJVGH-UHFFFAOYSA-N","CN1C=NC2=C1C(=O)N(C(=O)N2C)C","1,3,7-trimethylpurine-2,6-dione"
5281915,"Coenzyme Q10","C59H90O4","ACTIUHUUMQJHFO-UPTCCGCDSA-N","CC1=C(C(=O)C(=C(C1=O)OC)OC)CC=C(C)CCC=C(C)CCC=C(C)CCC=C(C)CCC=C(C)CCC=C(C)CCC=C(C)CCC=C(C)CCC=C(C)CCC=C(C)C","2-[(2E,6E,10E,14E,18E,22E,26E,30E,34E)-3,7,11,15,19,23,27,31,35,39-decamethyltetraconta-2,6,10,14,18,22,26,30,34,38-decaenyl]-5,6-dimethoxy-3-methylcyclohexa-2,5-diene-1,4-dione"
5284607,"Phytonadione","C31H46O2","MBWXNTAXLNYFJB-NKFFZRIASA-N","CC1=C(C(=O)C2=CC=CC=C2C1=O)CC=C(C)CCCC(C)CCCC(C)CCCC(C)C","2-methyl-3-[(E,7R,11R)-3,7,11,15-tetramethylhexadec-2-enyl]naphthalene-1,4-dione"
71311837,"N-(4-Coumaroyl)-L-homoserine lactone","C13H13NO4","CCIXZFJYFQJTGK-GQOHGMTASA-N","C1COC(=O)C1NC(=O)C=CC2=CC=C(C=C2)O","(E)-3-(4-hydroxyphenyl)-N-[(3S)-2-oxooxolan-3-yl]prop-2-enamide"
127864,"N-(3-Oxododecanoyl)homoserine lactone","C16H27NO4","PHSRRHGYXQCRPU-UHFFFAOYSA-N","CCCCCCCCCC(=O)CC(=O)NC1CCOC1=O","3-oxo-N-(2-oxooxolan-3-yl)dodecanamide"
119133,"N-(3-Oxohexanoyl)homoserine lactone","C10H15NO4","YRYOXRMDHALAFL-UHFFFAOYSA-N","CCCC(=O)CC(=O)NC1CCOC1=O","3-oxo-N-(2-oxooxolan-3-yl)hexanamide"
44602431,"N-Butyryl-L-homoserine lactone","C8H13NO3","VFFNZZXXTGXBOG-ZCFIWIBFSA-N","CCCC(=O)NC1CCOC1=O","N-[(3R)-2-oxooxolan-3-yl]butanamide"
156228,"2-(3,5-Dichlorophenylcarbamoyl)-1,2-dimethylcyclopropane-1-carboxylic acid","C13H13Cl2NO3","KIHJEJVWUXTXPZ-UHFFFAOYSA-N","CC1(CC1(C)C(=O)O)C(=O)NC2=CC(=CC(=C2)Cl)Cl","2-[(3,5-dichlorophenyl)carbamoyl]-1,2-dimethylcyclopropane-1-carboxylic acid"
439423,"7-Dehydrocholesterol","C27H44O","UCTLRSWJYQTBFZ-DDPQNLDTSA-N","CC(C)CCCC(C)C1CCC2C1(CCC3C2=CC=C4C3(CCC(C4)O)C)C","(3S,9S,10R,13R,14R,17R)-10,13-dimethyl-17-[(2R)-6-methylheptan-2-yl]-2,3,4,9,11,12,14,15,16,17-decahydro-1H-cyclopenta[a]phenanthren-3-ol"
5997,"Cholesterol","C27H46O","HVYWMOMLDIMFJA-DPAQBDIFSA-N","CC(C)CCCC(C)C1CCC2C1(CCC3C2CC=C4C3(CCC(C4)O)C)C","(3S,8S,9S,10R,13R,14S,17R)-10,13-dimethyl-17-[(2R)-6-methylheptan-2-yl]-2,3,4,7,8,9,11,12,14,15,16,17-dodecahydro-1H-cyclopenta[a]phenanthren-3-ol"
444679,"Ergosterol","C28H44O","DNVPQKQSNYMLRS-APGDWVJJSA-N","CC(C)C(C)C=CC(C)C1CCC2C1(CCC3C2=CC=C4C3(CCC(C4)O)C)C","(3S,9S,10R,13R,14R,17R)-17-[(E,2R,5R)-5,6-dimethylhept-3-en-2-yl]-10,13-dimethyl-2,3,4,9,11,12,14,15,16,17-decahydro-1H-cyclopenta[a]phenanthren-3-ol"
638072,"Squalene","C30H50","YYGNTYWPHWGJRM-AAJYLUCBSA-N","CC(=CCCC(=CCCC(=CCCC=C(C)CCC=C(C)CCC=C(C)C)C)C)C","(6E,10E,14E,18E)-2,6,10,15,19,23-hexamethyltetracosa-2,6,10,14,18,22-hexaene"
5282253,"Domoic acid","C15H21NO6","VZFRNCSOCOPNDB-AOKDLOFSSA-N","CC(C=CC=C(C)C1CNC(C1CC(=O)O)C(=O)O)C(=O)O","(2S,3S,4S)-4-[(2Z,4E,6R)-6-carboxyhepta-2,4-dien-2-yl]-3-(carboxymethyl)pyrrolidine-2-carboxylic acid"
6613,"Pantothenic acid","C9H17NO5","GHOKWGTUZJEAQD-ZETCQYMHSA-N","CC(C)(CO)C(C(=O)NCCC(=O)O)O","3-[[(2R)-2,4-dihydroxy-3,3-dimethylbutanoyl]amino]propanoic acid"
643,"Desthiobiotin","C10H18N2O3","AUTOLBMXDDTRRT-UHFFFAOYSA-N","CC1C(NC(=O)N1)CCCCCC(=O)O","6-(5-methyl-2-oxoimidazolidin-4-yl)hexanoic acid"
1050,"Pyridoxal","C8H9NO3","RADKZDMFGJYCBB-UHFFFAOYSA-N","CC1=NC=C(C(=C1O)C=O)CO","3-hydroxy-5-(hydroxymethyl)-2-methylpyridine-4-carbaldehyde"
1051,"Pyridoxal phosphate","C8H10NO6P","NGVDGCNFYWLIFO-UHFFFAOYSA-N","CC1=NC=C(C(=C1O)C=O)COP(=O)(O)O","(4-formyl-5-hydroxy-6-methylpyridin-3-yl)methyl dihydrogen phosphate"
1052,"Pyridoxamine","C8H12N2O2","NHZMQXZHNVQTQA-UHFFFAOYSA-N","CC1=NC=C(C(=C1O)CN)CO","4-(aminomethyl)-5-(hydroxymethyl)-2-methylpyridin-3-ol"
1130,"Thiamine","C12H17N4OS+","JZRWCGZRTZMZEH-UHFFFAOYSA-N","CC1=C(SC=[N+]1CC2=CN=C(N=C2N)C)CCO","2-[3-[(4-amino-2-methylpyrimidin-5-yl)methyl]-4-methyl-1,3-thiazol-3-ium-5-yl]ethanol"
493570,"Riboflavin","C17H20N4O6","AUNGANRZJHBGPY-SCRDCRAPSA-N","CC1=CC2=C(C=C1C)N(C3=NC(=O)NC(=O)C3=N2)CC(C(C(CO)O)O)O","7,8-dimethyl-10-[(2S,3S,4R)-2,3,4,5-tetrahydroxypentyl]benzo[g]pteridine-2,4-dione"
1054,"Pyridoxine","C8H11NO3","LXNHXLLTXMVWPM-UHFFFAOYSA-N","CC1=NC=C(C(=C1O)CO)CO","4,5-bis(hydroxymethyl)-2-methylpyridin-3-ol"
171548,"Biotin","C10H16N2O3S","YBJHBAHKTGYVGT-ZKWXMUAHSA-N","C1C2C(C(S1)CCCCC(=O)O)NC(=O)N2","5-[(3aS,4S,6aR)-2-oxo-1,3,3a,4,6,6a-hexahydrothieno[3,4-d]imidazol-4-yl]pentanoic acid"
135398658,"Folic acid","C19H19N7O6","OVBPIULPVIDEAO-LBPRGKRZSA-N","C1=CC(=CC=C1C(=O)NC(CCC(=O)O)C(=O)O)NCC2=CN=C3C(=N2)C(=O)NC(=N3)N","(2S)-2-[[4-[(2-amino-4-oxo-3H-pteridin-6-yl)methylamino]benzoyl]amino]pentanedioic acid"
54670067,"Ascorbic acid","C6H8O6","CIWBSHSKHKDKBQ-JLAZNSOCSA-N","C(C(C1C(=C(C(=O)O1)O)O)O)O","(2R)-2-[(1S)-1,2-dihydroxyethyl]-3,4-dihydroxy-2H-furan-5-one"
5282347,"alpha-Tocotrienol","C29H44O2","RZFHLOLGZPDCHJ-XZXLULOTSA-N","CC1=C(C2=C(CCC(O2)(C)CCC=C(C)CCC=C(C)CCC=C(C)C)C(=C1O)C)C","(2R)-2,5,7,8-tetramethyl-2-[(3E,7E)-4,8,12-trimethyltrideca-3,7,11-trienyl]-3,4-dihydrochromen-6-ol"
70678541,"Adenosylcobalamin","C72H100CoN18O17P-3","DFDCDQDATCDZSO-OUCXYWSSSA-L","CC1=CC2=C(C=C1C)N(C=N2)C3C(C(C(O3)CO)OP(=O)([O-])OC(C)CNC(=O)CCC4(C(C5C6(C(C(C(=N6)C(=C7C(C(C(=N7)C=C8C(C(C(=N8)C(=C4[N-]5)C)CCC(=O)N)(C)C)CCC(=O)N)(C)CC(=O)N)C)CCC(=O)N)(C)CC(=O)N)C)CC(=O)N)C)O.[CH2-]C1C(C(C(O1)N2C=NC3=C(N=CN=C32)N)O)O.[Co]","(2R,3R,4S,5R)-2-(6-aminopurin-9-yl)-5-methanidyloxolane-3,4-diol;cobalt;[(2R,3S,4R,5S)-5-(5,6-dimethylbenzimidazol-1-yl)-4-hydroxy-2-(hydroxymethyl)oxolan-3-yl] [(2R)-1-[3-[(1R,2R,3R,4Z,7S,9Z,12S,13S,14Z,17S,18S,19R)-2,13,18-tris(2-amino-2-oxoethyl)-7,12,17-tris(3-amino-3-oxopropyl)-3,5,8,8,13,15,18,19-octamethyl-2,7,12,17-tetrahydro-1H-corrin-21-id-3-yl]propanoylamino]propan-2-yl] phosphate"
70678542,"Hydroxocobalamin","C62H90CoN13O15P-2","ITFLMCXLENHUAD-WZHZPDAFSA-L","CC1=CC2=C(C=C1C)N(C=N2)C3C(C(C(O3)CO)OP(=O)([O-])OC(C)CNC(=O)CCC4(C(C5C6(C(C(C(=N6)C(=C7C(C(C(=N7)C=C8C(C(C(=N8)C(=C4[N-]5)C)CCC(=O)N)(C)C)CCC(=O)N)(C)CC(=O)N)C)CCC(=O)N)(C)CC(=O)N)C)CC(=O)N)C)O.O.[Co]","cobalt;[(2R,3S,4R,5S)-5-(5,6-dimethylbenzimidazol-1-yl)-4-hydroxy-2-(hydroxymethyl)oxolan-3-yl] [(2R)-1-[3-[(1R,2R,3R,4Z,7S,9Z,12S,13S,14Z,17S,18S,19R)-2,13,18-tris(2-amino-2-oxoethyl)-7,12,17-tris(3-amino-3-oxopropyl)-3,5,8,8,13,15,18,19-octamethyl-2,7,12,17-tetrahydro-1H-corrin-21-id-3-yl]propanoylamino]propan-2-yl] phosphate;hydrate"
123134034,"Methylcobalamin","C63H92CoN13O14P","QXOMMGINPOYKPR-WYVZQNDMSA-M","[CH3-].CC1=CC2=C(C=C1C)N(C=N2)C3C(C(C(O3)CO)OP(=O)(O)OC(C)CNC(=O)CCC4(C(C5C6(C(C(C(=C(C7=NC(=CC8=NC(=C(C4=N5)C)C(C8(C)C)CCC(=O)N)C(C7(C)CC(=O)N)CCC(=O)N)C)[N-]6)CCC(=O)N)(C)CC(=O)N)C)CC(=O)N)C)O.[Co+2]","carbanide;cobalt(2+);[(2R,3S,4R,5S)-5-(5,6-dimethylbenzimidazol-1-yl)-4-hydroxy-2-(hydroxymethyl)oxolan-3-yl] 1-[3-[(1R,2R,3R,5Z,7S,10Z,12S,13S,15Z,17S,18S,19R)-2,13,18-tris(2-amino-2-oxoethyl)-7,12,17-tris(3-amino-3-oxopropyl)-3,5,8,8,13,15,18,19-octamethyl-2,7,12,17-tetrahydro-1H-corrin-24-id-3-yl]propanoylamino]propan-2-yl hydrogen phosphate"
5311498,"Cyanocobalamin","C63H88CoN14O14P","FDJOLVPMNUYSCM-WZHZPDAFSA-L","CC1=CC2=C(C=C1C)N(C=N2)C3C(C(C(O3)CO)OP(=O)([O-])OC(C)CNC(=O)CCC4(C(C5C6(C(C(C(=C(C7=NC(=CC8=NC(=C(C4=N5)C)C(C8(C)C)CCC(=O)N)C(C7(C)CC(=O)N)CCC(=O)N)C)[N-]6)CCC(=O)N)(C)CC(=O)N)C)CC(=O)N)C)O.[C-]#N.[Co+3]","cobalt(3+);[(2R,3S,4R,5S)-5-(5,6-dimethylbenzimidazol-1-yl)-4-hydroxy-2-(hydroxymethyl)oxolan-3-yl] [(2R)-1-[3-[(1R,2R,3R,5Z,7S,10Z,12S,13S,15Z,17S,18S,19R)-2,13,18-tris(2-amino-2-oxoethyl)-7,12,17-tris(3-amino-3-oxopropyl)-3,5,8,8,13,15,18,19-octamethyl-2,7,12,17-tetrahydro-1H-corrin-24-id-3-yl]propanoylamino]propan-2-yl] phosphate;cyanide"
638015,"Retinal","C20H28O","NCYCYZXNIZJOKI-OVSJKPMPSA-N","CC1=C(C(CCC1)(C)C)C=CC(=CC=CC(=CC=O)C)C","(2E,4E,6E,8E)-3,7-dimethyl-9-(2,6,6-trimethylcyclohexen-1-yl)nona-2,4,6,8-tetraenal"
20981094,"Sulfolactic acid","C3H6O6S","COMVEZIIQHBEJL-UHFFFAOYSA-N","CC(C(=O)O)(O)S(=O)(=O)O","2-hydroxy-2-sulfopropanoic acid"
12085802,"Chlorophyll a","C55H72MgN4O5","ATNHDLDRLWWWCB-AENOIHSZSA-M","CCC1=C(C2=NC1=CC3=C(C4=C([N-]3)C(=C5C(C(C(=N5)C=C6C(=C(C(=C2)[N-]6)C=C)C)C)CCC(=O)OCC=C(C)CCCC(C)CCCC(C)CCCC(C)C)C(C4=O)C(=O)OC)C)C.[Mg+2]","magnesium;methyl (3R,21S,22S)-16-ethenyl-11-ethyl-12,17,21,26-tetramethyl-4-oxo-22-[3-oxo-3-[(E,7R,11R)-3,7,11,15-tetramethylhexadec-2-enoxy]propyl]-23,25-diaza-7,24-diazanidahexacyclo[18.2.1.15,8.110,13.115,18.02,6]hexacosa-1,5,8(26),9,11,13(25),14,16,18,20(23)-decaene-3-carboxylate"
68340,"Taurocyamine","C3H9N3O3S","JKLRIMRKZBSSED-UHFFFAOYSA-N","C(CS(=O)(=O)O)N=C(N)N","2-(diaminomethylideneamino)ethanesulfonic acid"
1176,"Urea","CH4N2O","XSQUKJJJFZCRTK-UHFFFAOYSA-N","C(=O)(N)N","urea"
204,"Allantoin","C4H6N4O3","POJWUDADGALRAB-UHFFFAOYSA-N","C1(C(=O)NC(=O)N1)NC(=O)N","(2,5-dioxoimidazolidin-4-yl)urea"
1014,"Phosphocholine","C5H15NO4P+","YHHSONZFOIEMCP-UHFFFAOYSA-O","C[N+](C)(C)CCOP(=O)(O)O","trimethyl(2-phosphonooxyethyl)azanium"
485,"Choline sulfate","C5H13NO4S","WXCQAWGXWVRCGP-UHFFFAOYSA-N","C[N+](C)(C)CCOS(=O)(=O)[O-]","2-(trimethylazaniumyl)ethyl sulfate"
849,"Pipecolic acid","C6H11NO2","HXEACLLIILLPRG-UHFFFAOYSA-N","C1CCNC(C1)C(=O)O","piperidine-2-carboxylic acid"
700,"Ethanolamine","C2H7NO","HZAXFHJVJLSVMW-UHFFFAOYSA-N","C(CO)N","2-aminoethanol"
588,"Creatinine","C4H7N3O","DDRJAANPRJIHGJ-UHFFFAOYSA-N","CN1CC(=O)N=C1N","2-amino-3-methyl-4H-imidazol-5-one"
